{"type":"FeatureCollection","features":[{"type":"Feature","properties":{"nom":"Annoix","code":"18006","codeDepartement":"18","siren":"211800065","codeEpci":"241800507","codeRegion":"24","codesPostaux":["18340"],"population":250},"geometry":{"type":"Polygon","coordinates":[[[2.549805,46.981429],[2.549212,46.981116],[2.547763,46.980219],[2.547433,46.980085],[2.5473,46.97986],[2.547102,46.979635],[2.546049,46.978828],[2.546113,46.978647],[2.551029,46.975085],[2.554828,46.972155],[2.560724,46.96778],[2.560987,46.967644],[2.561893,46.967278],[2.562251,46.967113],[2.562671,46.966944],[2.563578,46.96663],[2.564374,46.966367],[2.564856,46.966154],[2.565956,46.965597],[2.566784,46.965199],[2.567528,46.96479],[2.568197,46.964434],[2.569005,46.963969],[2.569387,46.96373],[2.57014,46.963227],[2.570606,46.962899],[2.570015,46.958675],[2.569259,46.955644],[2.569081,46.955348],[2.562907,46.95572],[2.562246,46.954732],[2.5606,46.95361],[2.560072,46.953162],[2.557299,46.949659],[2.550733,46.95066],[2.55034,46.950662],[2.551442,46.947061],[2.542894,46.944467],[2.53959,46.944054],[2.539056,46.944167],[2.538089,46.943816],[2.530393,46.94684],[2.530513,46.947385],[2.530573,46.947944],[2.530634,46.948117],[2.530888,46.948669],[2.531104,46.948989],[2.531647,46.949634],[2.531907,46.949911],[2.532262,46.94976],[2.532731,46.949479],[2.532993,46.949343],[2.533784,46.949747],[2.535759,46.950769],[2.535356,46.951299],[2.534974,46.951706],[2.534568,46.952068],[2.534439,46.952254],[2.534446,46.952703],[2.534304,46.952993],[2.534188,46.953114],[2.533833,46.953347],[2.533211,46.953661],[2.532938,46.953826],[2.532487,46.954054],[2.532289,46.954227],[2.531947,46.954863],[2.531229,46.955777],[2.530604,46.956505],[2.530279,46.956783],[2.529856,46.957086],[2.529556,46.957235],[2.52909,46.957535],[2.528778,46.957806],[2.528663,46.957947],[2.528555,46.958176],[2.528527,46.958486],[2.528562,46.958799],[2.528647,46.959001],[2.528974,46.959394],[2.529504,46.960174],[2.529927,46.960663],[2.530474,46.961157],[2.530734,46.961471],[2.5308,46.96179],[2.530729,46.962162],[2.530715,46.962403],[2.53085,46.962751],[2.530989,46.962881],[2.531103,46.96308],[2.531187,46.963363],[2.531108,46.963651],[2.531103,46.963797],[2.531232,46.963974],[2.531723,46.964219],[2.531819,46.964356],[2.53179,46.964518],[2.531593,46.964745],[2.531144,46.965022],[2.530601,46.965292],[2.530308,46.965411],[2.529606,46.965624],[2.529135,46.965708],[2.528918,46.965719],[2.528436,46.965702],[2.527615,46.965643],[2.527186,46.965526],[2.527028,46.965508],[2.526578,46.965527],[2.526257,46.965594],[2.526009,46.96576],[2.525762,46.966123],[2.525471,46.966286],[2.524721,46.966645],[2.523959,46.966998],[2.523499,46.967247],[2.522981,46.96759],[2.522568,46.96796],[2.522131,46.968239],[2.521829,46.968365],[2.521487,46.96855],[2.52112,46.96869],[2.520701,46.968873],[2.520438,46.969025],[2.520127,46.96929],[2.519962,46.969481],[2.519729,46.96989],[2.5197,46.970045],[2.519493,46.970414],[2.519432,46.970611],[2.51946,46.970942],[2.519622,46.971173],[2.519952,46.971292],[2.52026,46.971509],[2.520385,46.971697],[2.520508,46.972082],[2.520752,46.972448],[2.520943,46.972802],[2.521318,46.973285],[2.52182,46.974003],[2.522203,46.97422],[2.522472,46.974615],[2.522708,46.974761],[2.523308,46.974989],[2.523445,46.975143],[2.523476,46.975343],[2.523155,46.975769],[2.523144,46.975858],[2.523295,46.976011],[2.523952,46.976426],[2.52402,46.976618],[2.523983,46.976763],[2.523778,46.977187],[2.523665,46.977357],[2.523567,46.977429],[2.523229,46.97758],[2.523029,46.977813],[2.522902,46.978022],[2.522531,46.978219],[2.522545,46.978443],[2.522096,46.978868],[2.521914,46.97907],[2.5215,46.979405],[2.521013,46.979839],[2.520734,46.980047],[2.520283,46.980328],[2.520347,46.981047],[2.520667,46.981328],[2.521492,46.982338],[2.522275,46.983223],[2.522728,46.983644],[2.52316,46.983868],[2.524018,46.984132],[2.524419,46.984205],[2.524558,46.984254],[2.523126,46.985315],[2.523344,46.985437],[2.524978,46.986421],[2.52511,46.986825],[2.526012,46.986582],[2.526608,46.986858],[2.529121,46.987957],[2.529948,46.988328],[2.530903,46.988717],[2.531523,46.988975],[2.532353,46.98927],[2.53437,46.990013],[2.534828,46.990169],[2.532362,46.992616],[2.547545,46.998669],[2.548041,46.998112],[2.548293,46.997811],[2.548923,46.997305],[2.550179,46.996377],[2.550496,46.99616],[2.550728,46.995908],[2.551565,46.995322],[2.55171,46.995191],[2.551971,46.994555],[2.551077,46.99302],[2.549999,46.990745],[2.549957,46.99052],[2.548387,46.987211],[2.548324,46.987063],[2.548164,46.986867],[2.547642,46.986294],[2.546346,46.984909],[2.549745,46.982869],[2.549805,46.981429]]]}},{"type":"Feature","properties":{"nom":"Arçay","code":"18008","codeDepartement":"18","siren":"211800081","codeEpci":"241800507","codeRegion":"24","codesPostaux":["18340"],"population":500},"geometry":{"type":"Polygon","coordinates":[[[2.320423,46.991949],[2.320769,46.992317],[2.321893,46.992942],[2.326378,46.994742],[2.325158,46.996133],[2.323475,46.997337],[2.32297,46.998031],[2.321924,46.998629],[2.320796,47.000401],[2.320585,47.00224],[2.324239,47.002297],[2.327173,47.002585],[2.332285,47.003106],[2.332939,47.003142],[2.333116,47.002521],[2.333338,47.002038],[2.333521,47.001783],[2.333893,47.001333],[2.334447,47.000828],[2.334649,47.000609],[2.33499,47],[2.335337,46.999308],[2.335847,46.998261],[2.335905,46.998016],[2.335844,46.997741],[2.335695,46.997422],[2.338473,46.997635],[2.342011,46.997857],[2.341517,46.993855],[2.342854,46.993662],[2.344372,46.993939],[2.34572,46.993602],[2.345765,46.993342],[2.346488,46.993313],[2.349062,46.993376],[2.348961,46.993104],[2.350315,46.99296],[2.354177,46.99234],[2.353938,46.991369],[2.354671,46.991234],[2.354503,46.990665],[2.35431,46.990197],[2.354027,46.989428],[2.353845,46.988892],[2.353589,46.988183],[2.352982,46.986432],[2.352766,46.985695],[2.352633,46.984937],[2.352588,46.984247],[2.352565,46.983506],[2.352479,46.98202],[2.352385,46.979944],[2.352364,46.978516],[2.352393,46.976866],[2.352396,46.975957],[2.352419,46.974584],[2.35242,46.973721],[2.352458,46.970895],[2.352457,46.970072],[2.352477,46.969236],[2.352474,46.968602],[2.352486,46.967471],[2.352295,46.966274],[2.35213,46.965354],[2.352034,46.96472],[2.351911,46.964048],[2.351793,46.963516],[2.351658,46.963014],[2.351126,46.961239],[2.351041,46.96098],[2.351233,46.961044],[2.351861,46.961671],[2.352276,46.962037],[2.352488,46.96213],[2.353104,46.962279],[2.355032,46.96267],[2.355436,46.962764],[2.355714,46.962801],[2.355998,46.962793],[2.356114,46.962669],[2.356202,46.962656],[2.356599,46.962706],[2.357287,46.960574],[2.357878,46.960529],[2.358404,46.960214],[2.358337,46.959854],[2.358009,46.959629],[2.3586,46.957785],[2.359059,46.957785],[2.359322,46.957875],[2.359782,46.95783],[2.360701,46.955266],[2.361291,46.954591],[2.361094,46.954051],[2.361476,46.952955],[2.360372,46.952751],[2.357603,46.952231],[2.354296,46.951708],[2.353661,46.951611],[2.352755,46.951499],[2.350023,46.95114],[2.349463,46.951078],[2.349475,46.950813],[2.34942,46.950347],[2.34923,46.949575],[2.349209,46.949152],[2.34933,46.948323],[2.349365,46.947525],[2.349344,46.947036],[2.349285,46.946774],[2.349207,46.946612],[2.349143,46.946134],[2.348895,46.94496],[2.348633,46.943354],[2.348546,46.942565],[2.348433,46.940871],[2.348211,46.936753],[2.348151,46.936069],[2.347032,46.93615],[2.346573,46.935116],[2.346113,46.934667],[2.344668,46.934036],[2.344012,46.933542],[2.343683,46.932913],[2.343749,46.932688],[2.344012,46.932642],[2.344143,46.932462],[2.343749,46.931877],[2.343289,46.931383],[2.343027,46.930978],[2.342436,46.930618],[2.336985,46.927964],[2.336066,46.927335],[2.33495,46.926795],[2.333278,46.926485],[2.332611,46.926261],[2.332189,46.926093],[2.330857,46.925782],[2.330219,46.925663],[2.329081,46.925495],[2.328456,46.925389],[2.327626,46.925305],[2.327061,46.925166],[2.326532,46.925123],[2.326089,46.925008],[2.324953,46.924545],[2.324621,46.92499],[2.324347,46.925402],[2.324056,46.925736],[2.32403,46.925815],[2.324113,46.926214],[2.323472,46.926945],[2.323153,46.927337],[2.32246,46.928103],[2.322331,46.928271],[2.321966,46.928673],[2.32185,46.928831],[2.318876,46.928057],[2.317539,46.930868],[2.317503,46.930955],[2.317719,46.931012],[2.318499,46.931159],[2.319121,46.931237],[2.320496,46.931564],[2.320442,46.931862],[2.321324,46.93211],[2.3207,46.932732],[2.320569,46.932957],[2.321291,46.933227],[2.321357,46.933361],[2.319757,46.935051],[2.319435,46.9358],[2.318926,46.938848],[2.316494,46.942761],[2.316403,46.942868],[2.315429,46.942779],[2.313781,46.942609],[2.31264,46.942504],[2.311463,46.942403],[2.311444,46.942482],[2.311901,46.94302],[2.312146,46.943332],[2.312267,46.943528],[2.312449,46.943911],[2.312605,46.944147],[2.313077,46.94466],[2.313727,46.945405],[2.31414,46.945929],[2.314532,46.946349],[2.31477,46.946674],[2.315069,46.947132],[2.315401,46.947568],[2.316714,46.949327],[2.317448,46.950289],[2.318018,46.951009],[2.318259,46.951349],[2.318778,46.952016],[2.31948,46.952939],[2.319901,46.953511],[2.320392,46.954153],[2.32091,46.954629],[2.321967,46.955628],[2.323322,46.956875],[2.324016,46.957534],[2.322138,46.958731],[2.321563,46.959276],[2.320335,46.959993],[2.319699,46.960423],[2.31914,46.960874],[2.318954,46.961089],[2.318806,46.961418],[2.318706,46.961704],[2.318565,46.962223],[2.318471,46.962392],[2.31801,46.96294],[2.317558,46.963712],[2.317312,46.964167],[2.317158,46.964542],[2.316157,46.966107],[2.315631,46.967367],[2.315037,46.970694],[2.322442,46.970786],[2.322222,46.971323],[2.325922,46.971413],[2.325953,46.971707],[2.326229,46.972401],[2.325486,46.972451],[2.325223,46.9738],[2.324374,46.97554],[2.324993,46.975442],[2.326928,46.975153],[2.327311,46.97509],[2.327458,46.97546],[2.328007,46.976986],[2.328293,46.977739],[2.328649,46.978777],[2.329441,46.981006],[2.329514,46.981183],[2.325265,46.987314],[2.324794,46.987972],[2.324585,46.988293],[2.323917,46.989255],[2.32362,46.989712],[2.320423,46.991949]]]}},{"type":"Feature","properties":{"nom":"Berry-Bouy","code":"18028","codeDepartement":"18","siren":"211800289","codeEpci":"241800507","codeRegion":"24","codesPostaux":["18500"],"population":1168},"geometry":{"type":"Polygon","coordinates":[[[2.319223,47.094349],[2.319041,47.094539],[2.318659,47.094577],[2.318528,47.094551],[2.318089,47.094249],[2.317298,47.094245],[2.317062,47.0943],[2.316932,47.094427],[2.316792,47.094716],[2.316624,47.094888],[2.316365,47.095232],[2.316082,47.095692],[2.315522,47.09602],[2.314987,47.096383],[2.314425,47.096665],[2.313991,47.096822],[2.313691,47.096833],[2.31332,47.096745],[2.313167,47.096314],[2.3131,47.096216],[2.312874,47.096047],[2.312702,47.095994],[2.312571,47.096013],[2.312363,47.09615],[2.312476,47.09668],[2.312467,47.096958],[2.312324,47.097139],[2.312193,47.097221],[2.31176,47.097295],[2.311656,47.097386],[2.311698,47.097511],[2.311831,47.097618],[2.312069,47.09767],[2.312492,47.097712],[2.312705,47.097855],[2.31272,47.098008],[2.31266,47.098395],[2.312519,47.098665],[2.312207,47.098929],[2.312064,47.09902],[2.311704,47.098761],[2.311582,47.098528],[2.311276,47.098351],[2.310959,47.09829],[2.310697,47.098373],[2.310554,47.098473],[2.310359,47.098698],[2.309967,47.098916],[2.309759,47.099081],[2.309747,47.099207],[2.309842,47.099323],[2.310001,47.099358],[2.310316,47.099346],[2.310697,47.099271],[2.310974,47.099261],[2.311427,47.099323],[2.311595,47.099392],[2.311324,47.099762],[2.310946,47.100034],[2.310676,47.10018],[2.310527,47.10019],[2.310302,47.100084],[2.310087,47.099861],[2.309836,47.09979],[2.309586,47.099828],[2.309377,47.099937],[2.309314,47.100081],[2.309133,47.100316],[2.309003,47.100389],[2.308844,47.100408],[2.308066,47.100417],[2.30758,47.100435],[2.307081,47.100528],[2.30681,47.100098],[2.306756,47.099919],[2.306898,47.099738],[2.306883,47.099657],[2.306737,47.099523],[2.306539,47.099534],[2.306279,47.099698],[2.306138,47.099951],[2.30614,47.100113],[2.306436,47.100505],[2.306452,47.100757],[2.306351,47.100947],[2.306352,47.101081],[2.306433,47.101189],[2.306739,47.101439],[2.306863,47.101735],[2.306824,47.101816],[2.306497,47.101953],[2.306155,47.101946],[2.305904,47.101885],[2.305731,47.10177],[2.305519,47.10168],[2.305254,47.101656],[2.304924,47.101667],[2.304596,47.101714],[2.304306,47.101707],[2.303884,47.101638],[2.303685,47.101567],[2.303576,47.10137],[2.303626,47.101074],[2.303583,47.100866],[2.30345,47.100759],[2.303134,47.100735],[2.302988,47.100799],[2.302822,47.101097],[2.302706,47.10125],[2.302366,47.101405],[2.302011,47.10148],[2.301852,47.101436],[2.301586,47.101285],[2.30131,47.101241],[2.301112,47.101243],[2.300902,47.101307],[2.300668,47.10148],[2.300633,47.101822],[2.300728,47.102027],[2.300682,47.102378],[2.300541,47.102703],[2.300438,47.102803],[2.300242,47.102903],[2.299545,47.102971],[2.299124,47.103055],[2.298634,47.10286],[2.298222,47.102638],[2.297919,47.102668],[2.297856,47.102829],[2.297861,47.103154],[2.297929,47.103332],[2.298049,47.103403],[2.298525,47.103589],[2.298673,47.103705],[2.29874,47.103839],[2.298637,47.104029],[2.298454,47.104112],[2.2981,47.104167],[2.297151,47.104138],[2.296796,47.104211],[2.296406,47.104529],[2.296196,47.104612],[2.295683,47.104642],[2.295063,47.104493],[2.294466,47.104246],[2.294318,47.104139],[2.293975,47.104089],[2.293855,47.104155],[2.293602,47.104565],[2.293603,47.104701],[2.29371,47.104861],[2.293674,47.105068],[2.293532,47.105205],[2.293162,47.105198],[2.29266,47.105076],[2.292357,47.10506],[2.292082,47.105169],[2.292032,47.105395],[2.291904,47.105557],[2.291536,47.10565],[2.291247,47.105777],[2.291105,47.105913],[2.290831,47.106113],[2.290334,47.106369],[2.290035,47.106577],[2.289932,47.106857],[2.289765,47.107055],[2.289399,47.107193],[2.289038,47.107275],[2.288144,47.10707],[2.287789,47.107076],[2.287432,47.107172],[2.287035,47.107337],[2.286698,47.107606],[2.286313,47.107847],[2.286192,47.10789],[2.285625,47.10802],[2.285228,47.108079],[2.284289,47.108171],[2.283551,47.10829],[2.283193,47.108332],[2.282441,47.108353],[2.281661,47.108445],[2.281145,47.108611],[2.28076,47.108698],[2.280577,47.108714],[2.280023,47.10871],[2.279112,47.108765],[2.279018,47.108872],[2.279158,47.109161],[2.279036,47.109322],[2.278655,47.109337],[2.278393,47.109182],[2.278039,47.109035],[2.277672,47.108996],[2.277591,47.109013],[2.277494,47.109247],[2.277244,47.109315],[2.2769,47.109366],[2.276518,47.109328],[2.275916,47.10908],[2.275442,47.109039],[2.275298,47.108967],[2.275143,47.108822],[2.274952,47.10845],[2.274715,47.108431],[2.27433,47.108608],[2.27365,47.109042],[2.273435,47.109229],[2.273011,47.109424],[2.272786,47.109467],[2.272324,47.109462],[2.272059,47.109487],[2.271504,47.109581],[2.271295,47.109535],[2.270796,47.109324],[2.269879,47.109073],[2.269681,47.109],[2.269353,47.108988],[2.269047,47.109083],[2.268953,47.109199],[2.268978,47.109345],[2.269133,47.109543],[2.269485,47.109789],[2.269521,47.109951],[2.269372,47.110147],[2.269159,47.110245],[2.268975,47.110279],[2.268314,47.110354],[2.268075,47.11046],[2.267797,47.110548],[2.267348,47.110607],[2.26715,47.110587],[2.266848,47.110512],[2.266244,47.110291],[2.266088,47.110218],[2.265798,47.110189],[2.265511,47.11007],[2.265397,47.109844],[2.265184,47.10986],[2.264959,47.109939],[2.264234,47.109914],[2.263774,47.109937],[2.263509,47.109891],[2.263471,47.10979],[2.263452,47.109422],[2.263494,47.109252],[2.263456,47.109143],[2.263263,47.108916],[2.263129,47.109051],[2.26285,47.109237],[2.262702,47.10929],[2.262033,47.109185],[2.261584,47.109181],[2.261346,47.109215],[2.261187,47.109321],[2.260866,47.109615],[2.260464,47.1099],[2.259959,47.110201],[2.259426,47.110457],[2.258817,47.110686],[2.258125,47.111003],[2.257313,47.111437],[2.256955,47.111614],[2.256237,47.111904],[2.256155,47.112021],[2.256153,47.112201],[2.256399,47.112437],[2.256397,47.112563],[2.256236,47.112678],[2.255737,47.112629],[2.255314,47.112697],[2.255089,47.112767],[2.254835,47.1129],[2.254595,47.113068],[2.254368,47.113183],[2.253569,47.113644],[2.253092,47.11382],[2.252601,47.113941],[2.252194,47.11392],[2.251932,47.1138],[2.251762,47.113673],[2.251435,47.113553],[2.251238,47.113507],[2.250908,47.113531],[2.250734,47.113683],[2.250518,47.113968],[2.250026,47.114189],[2.249749,47.11424],[2.249324,47.114407],[2.249228,47.114586],[2.249253,47.114676],[2.249575,47.115111],[2.249663,47.115337],[2.249661,47.115499],[2.249538,47.115686],[2.249273,47.115765],[2.248706,47.115796],[2.248532,47.115912],[2.248421,47.116217],[2.248354,47.116287],[2.247773,47.116355],[2.247454,47.116541],[2.247303,47.1168],[2.247129,47.116997],[2.246881,47.117364],[2.246635,47.117546],[2.246344,47.117722],[2.24627,47.117854],[2.246247,47.118234],[2.246301,47.118423],[2.24629,47.118833],[2.246193,47.118943],[2.246387,47.119199],[2.246396,47.119275],[2.246313,47.119502],[2.246653,47.119482],[2.247085,47.119418],[2.24737,47.119446],[2.247558,47.119583],[2.247946,47.119664],[2.248134,47.119416],[2.248933,47.119235],[2.248955,47.119651],[2.249089,47.119721],[2.249737,47.119407],[2.250029,47.119653],[2.250407,47.119146],[2.250582,47.119075],[2.251002,47.119958],[2.249629,47.120422],[2.250452,47.121062],[2.251258,47.121625],[2.253452,47.123064],[2.25481,47.123735],[2.254653,47.123866],[2.254876,47.124068],[2.255118,47.12423],[2.255876,47.124683],[2.256745,47.125179],[2.257547,47.125672],[2.258307,47.126164],[2.259017,47.126586],[2.259874,47.127046],[2.261159,47.127695],[2.263403,47.128895],[2.264555,47.127895],[2.267328,47.128914],[2.271389,47.131867],[2.272948,47.132417],[2.273902,47.134395],[2.272539,47.136067],[2.272429,47.136816],[2.267395,47.137609],[2.265325,47.137931],[2.264479,47.138067],[2.264611,47.138163],[2.265243,47.138339],[2.265526,47.138444],[2.265752,47.13857],[2.265956,47.138729],[2.266212,47.138984],[2.266441,47.139259],[2.266641,47.139543],[2.267676,47.140792],[2.268132,47.141214],[2.268251,47.141412],[2.26832,47.141758],[2.268236,47.141761],[2.268191,47.141948],[2.268048,47.142338],[2.268106,47.142925],[2.268276,47.14433],[2.268158,47.144776],[2.267921,47.145398],[2.267794,47.145597],[2.267101,47.14637],[2.266711,47.146733],[2.266461,47.147065],[2.266185,47.14767],[2.266042,47.148935],[2.26601,47.149373],[2.265909,47.150373],[2.265891,47.150555],[2.265794,47.150878],[2.265919,47.151051],[2.266052,47.151453],[2.266048,47.15194],[2.266171,47.152357],[2.266377,47.152665],[2.266596,47.153162],[2.267064,47.153789],[2.267462,47.154227],[2.267887,47.154629],[2.268052,47.154858],[2.268237,47.155036],[2.268696,47.155395],[2.270039,47.155307],[2.270638,47.155646],[2.270507,47.155791],[2.27058,47.15633],[2.270362,47.156924],[2.271002,47.157514],[2.272623,47.159584],[2.273102,47.159941],[2.273481,47.160496],[2.273811,47.161125],[2.274653,47.162603],[2.274873,47.163539],[2.274993,47.16473],[2.275456,47.164859],[2.275719,47.165309],[2.27552,47.165894],[2.275518,47.167378],[2.275488,47.16753],[2.275649,47.16749],[2.27622,47.167528],[2.278952,47.168051],[2.280793,47.168416],[2.281782,47.168776],[2.2836,47.170005],[2.283826,47.169766],[2.286071,47.167608],[2.286671,47.167281],[2.28773,47.167217],[2.288251,47.167172],[2.288715,47.167003],[2.289059,47.166854],[2.289579,47.166691],[2.290077,47.16659],[2.290836,47.16657],[2.291291,47.166531],[2.291856,47.166537],[2.292046,47.16652],[2.292904,47.166261],[2.293264,47.166085],[2.29354,47.166257],[2.294382,47.166669],[2.295051,47.166022],[2.295745,47.165311],[2.296458,47.16462],[2.297518,47.163576],[2.297975,47.163248],[2.298112,47.163046],[2.298254,47.162594],[2.298557,47.162544],[2.302695,47.160013],[2.302692,47.159943],[2.302974,47.158846],[2.303328,47.158572],[2.303679,47.158388],[2.303685,47.158273],[2.303918,47.158181],[2.304109,47.158057],[2.304488,47.157983],[2.304672,47.157911],[2.304767,47.158008],[2.305489,47.157696],[2.308247,47.15646],[2.309921,47.155693],[2.310444,47.155441],[2.31082,47.155291],[2.311272,47.155086],[2.311618,47.154954],[2.311827,47.155141],[2.312762,47.154784],[2.315016,47.154295],[2.315267,47.154409],[2.315469,47.154352],[2.315929,47.154349],[2.31644,47.154319],[2.317577,47.154177],[2.318109,47.154045],[2.318658,47.153878],[2.319438,47.15361],[2.319892,47.153504],[2.32039,47.153423],[2.320943,47.153371],[2.321445,47.15335],[2.322022,47.153358],[2.324366,47.151247],[2.328546,47.148274],[2.329466,47.146227],[2.330999,47.145395],[2.331674,47.144839],[2.331966,47.144353],[2.331761,47.143301],[2.331527,47.142644],[2.331413,47.141608],[2.331723,47.140442],[2.331998,47.139904],[2.332697,47.139121],[2.332124,47.138254],[2.331751,47.138304],[2.33146,47.138432],[2.331238,47.138611],[2.330826,47.138311],[2.330597,47.138165],[2.329516,47.137521],[2.329788,47.137494],[2.330147,47.13701],[2.330149,47.136749],[2.329861,47.136226],[2.328434,47.134604],[2.328544,47.133482],[2.328599,47.133057],[2.328656,47.132221],[2.328727,47.131363],[2.328707,47.131099],[2.328744,47.130778],[2.328921,47.130144],[2.329193,47.128934],[2.329266,47.128465],[2.329429,47.127986],[2.329432,47.127862],[2.329795,47.125296],[2.3298,47.125228],[2.330008,47.124606],[2.330151,47.123828],[2.330196,47.123485],[2.330289,47.123239],[2.330304,47.123097],[2.330393,47.122946],[2.331169,47.122392],[2.33176,47.122018],[2.331346,47.121081],[2.330975,47.120315],[2.330706,47.119819],[2.330102,47.118877],[2.330033,47.118599],[2.330102,47.118136],[2.330102,47.117919],[2.330039,47.117724],[2.330315,47.116967],[2.330473,47.116715],[2.330464,47.116331],[2.330401,47.116013],[2.330219,47.115343],[2.330059,47.114601],[2.330031,47.114396],[2.329225,47.112469],[2.328797,47.112031],[2.334269,47.110789],[2.334279,47.110121],[2.334308,47.10956],[2.334263,47.109138],[2.334159,47.109058],[2.333959,47.108993],[2.333893,47.108892],[2.333912,47.108717],[2.333829,47.108612],[2.333653,47.108554],[2.333626,47.10845],[2.333702,47.108358],[2.33355,47.108196],[2.333558,47.108053],[2.33333,47.107902],[2.333324,47.107743],[2.333025,47.10742],[2.332664,47.10719],[2.331919,47.106759],[2.33158,47.106542],[2.331358,47.106274],[2.330293,47.1061],[2.329764,47.105963],[2.329358,47.105813],[2.331518,47.104081],[2.328869,47.101493],[2.321864,47.097253],[2.319351,47.097045],[2.317997,47.095976],[2.318546,47.09573],[2.319294,47.09549],[2.320523,47.095285],[2.319468,47.094516],[2.319223,47.094349]]]}},{"type":"Feature","properties":{"nom":"Bourges","code":"18033","codeDepartement":"18","siren":"211800339","codeEpci":"241800507","codeRegion":"24","codesPostaux":["18000"],"population":64186},"geometry":{"type":"Polygon","coordinates":[[[2.328886,47.088887],[2.328606,47.089127],[2.328621,47.089253],[2.328769,47.089476],[2.329181,47.089654],[2.329694,47.089714],[2.330284,47.089549],[2.330468,47.089421],[2.330678,47.089429],[2.331183,47.08985],[2.33141,47.089892],[2.331853,47.089718],[2.332183,47.089726],[2.332874,47.090218],[2.333033,47.090288],[2.333271,47.090332],[2.333559,47.090249],[2.333778,47.089833],[2.333667,47.089455],[2.333691,47.089302],[2.333858,47.089184],[2.334175,47.089156],[2.334467,47.089253],[2.334917,47.089475],[2.335036,47.089564],[2.335342,47.0896],[2.335605,47.089749],[2.335797,47.089763],[2.336156,47.089848],[2.336251,47.09013],[2.336404,47.090183],[2.336555,47.090296],[2.33682,47.09043],[2.337023,47.090368],[2.337088,47.090052],[2.336982,47.08989],[2.33681,47.089809],[2.336547,47.089764],[2.336178,47.089431],[2.335809,47.089016],[2.335914,47.088836],[2.336071,47.088675],[2.336336,47.088504],[2.336652,47.088332],[2.336834,47.08827],[2.337296,47.08817],[2.337665,47.087973],[2.337757,47.087883],[2.338006,47.087405],[2.338111,47.086928],[2.338216,47.086866],[2.338559,47.086874],[2.338993,47.087001],[2.339323,47.087117],[2.339076,47.08755],[2.339096,47.087678],[2.339324,47.087754],[2.339475,47.087644],[2.339622,47.087417],[2.339623,47.087123],[2.34006,47.087001],[2.340311,47.087055],[2.340508,47.087325],[2.340642,47.087397],[2.34097,47.087496],[2.341326,47.087514],[2.341773,47.087469],[2.342129,47.08746],[2.342577,47.087487],[2.343222,47.087433],[2.343526,47.087605],[2.343947,47.087631],[2.344144,47.087623],[2.344263,47.087505],[2.344262,47.087344],[2.343919,47.087172],[2.343577,47.087082],[2.34359,47.086803],[2.34351,47.086506],[2.343483,47.086227],[2.343535,47.085975],[2.34376,47.085695],[2.343785,47.085479],[2.34385,47.085309],[2.344008,47.08521],[2.344351,47.085084],[2.344654,47.085012],[2.344826,47.085003],[2.345615,47.085201],[2.345865,47.085363],[2.345867,47.085733],[2.345959,47.085849],[2.346301,47.085948],[2.346802,47.086012],[2.346947,47.085957],[2.347025,47.085679],[2.346655,47.085218],[2.346603,47.085075],[2.34663,47.08494],[2.347511,47.08467],[2.34834,47.084652],[2.348986,47.084715],[2.349487,47.084841],[2.349724,47.084976],[2.350079,47.08513],[2.350607,47.085246],[2.350936,47.085282],[2.351871,47.085462],[2.352176,47.085616],[2.35269,47.085642],[2.353149,47.085689],[2.353439,47.085679],[2.354006,47.085705],[2.354335,47.085705],[2.355113,47.085633],[2.355348,47.085553],[2.355809,47.085571],[2.356206,47.085669],[2.356535,47.085787],[2.35693,47.085877],[2.357589,47.086084],[2.357812,47.086173],[2.358209,47.086606],[2.358314,47.086768],[2.358538,47.086867],[2.35896,47.086894],[2.3595,47.08684],[2.35979,47.08684],[2.360317,47.086957],[2.360488,47.086957],[2.361094,47.086795],[2.361858,47.086632],[2.362121,47.086596],[2.362542,47.086596],[2.362898,47.086651],[2.363043,47.086741],[2.363413,47.087137],[2.363583,47.087218],[2.36444,47.087397],[2.365258,47.087497],[2.36581,47.087686],[2.366311,47.087902],[2.366759,47.088163],[2.366891,47.088199],[2.367089,47.088181],[2.367181,47.0881],[2.367339,47.087757],[2.367418,47.087659],[2.367536,47.087658],[2.367918,47.087838],[2.368353,47.088126],[2.368512,47.088126],[2.368762,47.088046],[2.36938,47.087514],[2.369591,47.087397],[2.369721,47.08728],[2.370288,47.087046],[2.370788,47.086884],[2.371065,47.086901],[2.371447,47.087173],[2.371645,47.087253],[2.37221,47.087226],[2.372936,47.087036],[2.37383,47.086854],[2.374186,47.086835],[2.374431,47.088103],[2.373933,47.088581],[2.37377,47.088574],[2.372231,47.088624],[2.371444,47.088623],[2.370643,47.088967],[2.370549,47.089262],[2.370253,47.090632],[2.371193,47.090685],[2.371432,47.091061],[2.371787,47.091078],[2.372219,47.091234],[2.372577,47.091393],[2.373058,47.091437],[2.374133,47.091513],[2.375189,47.091609],[2.376052,47.091663],[2.376621,47.09168],[2.37762,47.09167],[2.379925,47.091624],[2.381469,47.091611],[2.381616,47.091691],[2.381971,47.091698],[2.382299,47.091587],[2.383974,47.09158],[2.384954,47.091554],[2.385514,47.091809],[2.385592,47.09178],[2.38568,47.091454],[2.385916,47.091387],[2.386258,47.091343],[2.386666,47.091449],[2.387169,47.091433],[2.387272,47.091413],[2.387421,47.091523],[2.3877,47.091654],[2.388021,47.091851],[2.388278,47.091829],[2.38847,47.091646],[2.388739,47.091566],[2.389017,47.092059],[2.389182,47.092143],[2.388998,47.092565],[2.3888,47.092943],[2.388684,47.093107],[2.38849,47.093631],[2.388007,47.094707],[2.388446,47.09633],[2.38907,47.096566],[2.390393,47.096682],[2.391588,47.096523],[2.391972,47.096179],[2.391979,47.095995],[2.392402,47.095963],[2.392395,47.096529],[2.392663,47.096678],[2.39279,47.09682],[2.392892,47.097044],[2.392842,47.097493],[2.392806,47.09761],[2.392554,47.097923],[2.392518,47.098161],[2.392528,47.098578],[2.392407,47.098965],[2.392357,47.099194],[2.392373,47.100576],[2.392358,47.100768],[2.392112,47.100965],[2.392097,47.101137],[2.392429,47.101477],[2.392469,47.10182],[2.392555,47.101969],[2.392773,47.102102],[2.392016,47.103029],[2.391485,47.103696],[2.391391,47.103856],[2.391516,47.10424],[2.391835,47.104848],[2.392444,47.10612],[2.392234,47.106527],[2.391829,47.107235],[2.391642,47.107281],[2.390639,47.107359],[2.390116,47.107269],[2.389883,47.107201],[2.389737,47.107429],[2.389392,47.107717],[2.389034,47.107978],[2.388559,47.108702],[2.388117,47.109212],[2.387988,47.109394],[2.387864,47.109652],[2.38794,47.109899],[2.387906,47.110628],[2.387828,47.111078],[2.387808,47.111425],[2.38769,47.111613],[2.387808,47.111774],[2.387923,47.112136],[2.387994,47.112249],[2.388361,47.112666],[2.388474,47.112915],[2.388563,47.113356],[2.38852,47.113678],[2.388392,47.114005],[2.388282,47.114384],[2.388239,47.114706],[2.388212,47.115498],[2.388118,47.115807],[2.387765,47.11647],[2.387585,47.117023],[2.387574,47.11726],[2.3875,47.117381],[2.387394,47.117831],[2.387407,47.118056],[2.387318,47.118199],[2.386992,47.118492],[2.386583,47.119102],[2.386319,47.119364],[2.386029,47.119758],[2.385826,47.120222],[2.38574,47.120486],[2.385633,47.1207],[2.385364,47.120961],[2.385178,47.12119],[2.385068,47.121419],[2.385001,47.12177],[2.384938,47.122476],[2.384861,47.122753],[2.38463,47.12317],[2.384653,47.123291],[2.384964,47.123421],[2.384878,47.123659],[2.384784,47.123808],[2.384399,47.124035],[2.384598,47.124184],[2.384853,47.12442],[2.385017,47.124441],[2.385452,47.124605],[2.38601,47.124949],[2.386217,47.125055],[2.386422,47.125107],[2.386778,47.125276],[2.387329,47.125697],[2.388114,47.126214],[2.38852,47.126409],[2.389032,47.126585],[2.389835,47.126773],[2.390149,47.126882],[2.390981,47.127218],[2.391879,47.127616],[2.392119,47.127709],[2.392445,47.127896],[2.39268,47.128174],[2.392854,47.128298],[2.393036,47.128275],[2.393531,47.1281],[2.393886,47.128263],[2.393988,47.128276],[2.393986,47.128645],[2.394023,47.128808],[2.394146,47.129076],[2.394227,47.129387],[2.394608,47.129407],[2.39576,47.129503],[2.396215,47.129497],[2.396166,47.129242],[2.396455,47.129353],[2.397331,47.12956],[2.397758,47.129638],[2.398607,47.129834],[2.398677,47.12989],[2.399041,47.129893],[2.399385,47.129977],[2.400217,47.13011],[2.40036,47.130061],[2.400389,47.129957],[2.400447,47.129162],[2.400516,47.129129],[2.401348,47.12897],[2.402253,47.128808],[2.402353,47.128779],[2.402686,47.128523],[2.40279,47.128363],[2.402966,47.128258],[2.40324,47.128181],[2.403499,47.129083],[2.40363,47.129486],[2.40478,47.129161],[2.404839,47.129114],[2.405211,47.128988],[2.405758,47.128859],[2.405928,47.128568],[2.405985,47.128386],[2.405996,47.12814],[2.406124,47.127776],[2.406383,47.127337],[2.406725,47.126963],[2.406891,47.126886],[2.407085,47.126718],[2.407468,47.126216],[2.408297,47.126425],[2.408635,47.126492],[2.408954,47.126506],[2.409461,47.1265],[2.409697,47.12648],[2.410196,47.12639],[2.410738,47.126265],[2.411473,47.126195],[2.411897,47.126201],[2.412036,47.126244],[2.412463,47.126306],[2.41313,47.126442],[2.413487,47.126464],[2.413668,47.126433],[2.41414,47.126268],[2.414429,47.125789],[2.415169,47.125602],[2.41537,47.1256],[2.417051,47.125391],[2.417573,47.125355],[2.417608,47.125545],[2.418482,47.125489],[2.420591,47.125736],[2.420871,47.124295],[2.421396,47.124206],[2.421899,47.124036],[2.423029,47.123994],[2.423136,47.124037],[2.423594,47.124073],[2.424303,47.124036],[2.424944,47.123907],[2.425536,47.12382],[2.426334,47.12375],[2.427131,47.123736],[2.428102,47.123739],[2.428963,47.123796],[2.430278,47.123918],[2.430759,47.123949],[2.431591,47.123951],[2.432696,47.124029],[2.433033,47.124076],[2.43356,47.124045],[2.433959,47.124054],[2.434643,47.124007],[2.435464,47.124019],[2.436287,47.124078],[2.436928,47.124164],[2.437116,47.124213],[2.437583,47.124394],[2.438152,47.124534],[2.439138,47.124673],[2.439749,47.124702],[2.440348,47.124694],[2.440888,47.124662],[2.442529,47.124521],[2.443019,47.124452],[2.445438,47.123695],[2.445876,47.123568],[2.446926,47.12457],[2.447286,47.124945],[2.447661,47.125444],[2.447746,47.125534],[2.447938,47.125451],[2.448939,47.125097],[2.450124,47.124652],[2.450611,47.124383],[2.451145,47.123959],[2.45143,47.12375],[2.45196,47.123397],[2.452477,47.122981],[2.452793,47.122689],[2.453073,47.12247],[2.453797,47.121947],[2.454057,47.121664],[2.45381,47.121488],[2.451005,47.119772],[2.448066,47.117958],[2.44756,47.117667],[2.447182,47.117496],[2.446515,47.117231],[2.445994,47.116968],[2.445144,47.116446],[2.444406,47.115963],[2.443786,47.115582],[2.441638,47.114233],[2.440241,47.113361],[2.438964,47.112553],[2.437494,47.111629],[2.436508,47.111016],[2.435548,47.110494],[2.435222,47.11033],[2.434734,47.11011],[2.433313,47.109548],[2.433155,47.10948],[2.433644,47.108767],[2.433995,47.108222],[2.434636,47.107114],[2.434462,47.107061],[2.434494,47.106934],[2.434484,47.106635],[2.434562,47.106383],[2.434763,47.106381],[2.43536,47.105099],[2.435467,47.104943],[2.435863,47.105091],[2.436532,47.104119],[2.436944,47.103534],[2.438448,47.101059],[2.438506,47.101027],[2.439144,47.100518],[2.439241,47.100493],[2.439521,47.100182],[2.43968,47.10019],[2.440774,47.100183],[2.440971,47.098707],[2.441125,47.097661],[2.441258,47.096599],[2.441319,47.096175],[2.440678,47.096135],[2.440746,47.095847],[2.440971,47.095148],[2.441111,47.094815],[2.441259,47.094172],[2.44128,47.093718],[2.441579,47.092401],[2.441611,47.091846],[2.441621,47.091059],[2.441607,47.090629],[2.441656,47.090468],[2.441847,47.089584],[2.442503,47.087062],[2.442764,47.087111],[2.443787,47.087498],[2.444553,47.087694],[2.444705,47.087705],[2.445349,47.087633],[2.446292,47.087588],[2.44652,47.087566],[2.447107,47.087417],[2.447432,47.087399],[2.447807,47.08746],[2.448285,47.087586],[2.448936,47.087818],[2.449736,47.088057],[2.449996,47.088106],[2.450295,47.088252],[2.450599,47.088278],[2.450919,47.08821],[2.4513,47.088047],[2.45158,47.087857],[2.451953,47.087775],[2.452285,47.087765],[2.452906,47.087866],[2.453068,47.087872],[2.453321,47.087787],[2.454115,47.087163],[2.454252,47.087035],[2.454477,47.086961],[2.454806,47.086906],[2.455466,47.086864],[2.456151,47.086761],[2.456575,47.086744],[2.45708,47.08675],[2.45736,47.086664],[2.457813,47.086378],[2.458386,47.086377],[2.459545,47.086333],[2.460187,47.086489],[2.460529,47.086608],[2.460844,47.086818],[2.461141,47.086831],[2.461334,47.086762],[2.461399,47.086578],[2.46153,47.08654],[2.462091,47.08667],[2.462428,47.086657],[2.462585,47.086755],[2.462694,47.086913],[2.463053,47.087019],[2.463362,47.087042],[2.463864,47.086957],[2.464143,47.086827],[2.46462,47.087049],[2.464974,47.087001],[2.465253,47.086996],[2.465309,47.087036],[2.465281,47.087243],[2.465367,47.087371],[2.465503,47.087418],[2.465781,47.087316],[2.466244,47.087417],[2.466471,47.087501],[2.4667,47.087823],[2.466858,47.087859],[2.467409,47.087738],[2.467669,47.087812],[2.467984,47.088048],[2.468051,47.088509],[2.4682,47.088887],[2.468398,47.089071],[2.468648,47.089186],[2.468872,47.089178],[2.469232,47.088355],[2.469664,47.088435],[2.469901,47.087884],[2.470257,47.087229],[2.470441,47.086531],[2.470517,47.086093],[2.470528,47.085873],[2.470449,47.085045],[2.470416,47.084241],[2.470382,47.083797],[2.47037,47.083342],[2.470452,47.082518],[2.470496,47.081943],[2.470635,47.081491],[2.470788,47.081225],[2.470916,47.080907],[2.47105,47.080303],[2.471057,47.080025],[2.470954,47.079172],[2.470947,47.078977],[2.470613,47.077787],[2.47046,47.077417],[2.469647,47.075815],[2.469387,47.075343],[2.468959,47.074719],[2.468912,47.074461],[2.469021,47.073929],[2.469005,47.073684],[2.468828,47.072961],[2.468871,47.072802],[2.469068,47.07242],[2.46926,47.072128],[2.470081,47.071039],[2.470699,47.070156],[2.470998,47.06977],[2.471399,47.069077],[2.471709,47.068455],[2.471805,47.068194],[2.472324,47.066991],[2.472579,47.066376],[2.471282,47.063821],[2.468953,47.062927],[2.469522,47.062428],[2.468716,47.062142],[2.468064,47.061819],[2.467839,47.061673],[2.467567,47.061445],[2.466385,47.06053],[2.465822,47.060326],[2.465494,47.060142],[2.463744,47.059367],[2.463218,47.059127],[2.462279,47.058714],[2.46172,47.058459],[2.461071,47.05821],[2.460749,47.058118],[2.46082,47.05798],[2.460661,47.05779],[2.45962,47.055967],[2.459393,47.055662],[2.459699,47.054931],[2.459233,47.05452],[2.458292,47.054031],[2.457271,47.053425],[2.454521,47.05158],[2.454337,47.051563],[2.452363,47.050523],[2.451094,47.050219],[2.450765,47.050106],[2.450247,47.049891],[2.449035,47.049276],[2.449301,47.049157],[2.451079,47.048251],[2.451375,47.048065],[2.453622,47.046559],[2.454036,47.046303],[2.454343,47.046139],[2.454882,47.045906],[2.455014,47.045736],[2.455902,47.045278],[2.456124,47.04512],[2.456404,47.044878],[2.456591,47.04468],[2.456863,47.044307],[2.457149,47.04386],[2.457292,47.043571],[2.457497,47.043214],[2.457908,47.042682],[2.458309,47.042255],[2.458321,47.042198],[2.460665,47.039354],[2.460559,47.039301],[2.463033,47.036443],[2.463215,47.036125],[2.463503,47.035753],[2.464071,47.03507],[2.464356,47.034748],[2.464716,47.034482],[2.460421,47.032045],[2.459105,47.031446],[2.458714,47.031289],[2.458387,47.031204],[2.457578,47.031078],[2.457485,47.031077],[2.457332,47.031218],[2.457215,47.03127],[2.456731,47.031205],[2.456178,47.031155],[2.455909,47.031153],[2.454809,47.031221],[2.453865,47.031306],[2.452964,47.031368],[2.452399,47.031444],[2.452139,47.031436],[2.451773,47.031493],[2.451604,47.03156],[2.451141,47.031814],[2.450955,47.031539],[2.45072,47.031329],[2.450519,47.030168],[2.450181,47.028774],[2.449653,47.027031],[2.449646,47.026553],[2.449667,47.026264],[2.449531,47.025959],[2.449229,47.025979],[2.449205,47.026239],[2.449139,47.026497],[2.449152,47.027018],[2.449344,47.027179],[2.449683,47.02803],[2.44929,47.031456],[2.449077,47.03168],[2.446755,47.033326],[2.444753,47.034051],[2.44447,47.033666],[2.442625,47.033398],[2.44173,47.033287],[2.440123,47.033582],[2.439769,47.033548],[2.439496,47.033589],[2.43896,47.033719],[2.439378,47.034189],[2.439137,47.034374],[2.438946,47.034398],[2.438266,47.034561],[2.437699,47.034655],[2.437279,47.034674],[2.436826,47.034544],[2.436352,47.034747],[2.436157,47.034892],[2.435757,47.03496],[2.434973,47.035175],[2.434654,47.03517],[2.434409,47.035192],[2.434202,47.035119],[2.434088,47.035158],[2.43378,47.03545],[2.433447,47.035514],[2.433094,47.035624],[2.432651,47.035802],[2.43248,47.035783],[2.432393,47.035661],[2.432216,47.035603],[2.430515,47.036445],[2.429952,47.036769],[2.428953,47.03742],[2.428988,47.037742],[2.429337,47.038333],[2.425986,47.039269],[2.424689,47.039787],[2.424966,47.040235],[2.424685,47.04039],[2.424418,47.040489],[2.424028,47.04058],[2.42372,47.040768],[2.423459,47.040887],[2.423013,47.041146],[2.422164,47.041432],[2.421676,47.041542],[2.421312,47.041652],[2.420866,47.041725],[2.420542,47.041814],[2.419122,47.042494],[2.418876,47.042891],[2.41837,47.042798],[2.418068,47.042929],[2.416484,47.043742],[2.41554,47.044106],[2.415339,47.044163],[2.415028,47.044207],[2.413759,47.044822],[2.41351,47.045013],[2.413394,47.045023],[2.413111,47.045124],[2.412683,47.045316],[2.412276,47.045576],[2.411628,47.04557],[2.411001,47.04572],[2.410688,47.045731],[2.410515,47.045706],[2.409993,47.045729],[2.409668,47.045921],[2.409226,47.045976],[2.40887,47.046248],[2.408791,47.046779],[2.408397,47.047328],[2.40841,47.048264],[2.408639,47.04885],[2.408648,47.049138],[2.408484,47.049169],[2.40686,47.049145],[2.406544,47.049387],[2.406149,47.049495],[2.405566,47.049521],[2.404531,47.050196],[2.404349,47.050042],[2.403822,47.05024],[2.403269,47.049303],[2.402875,47.04942],[2.400915,47.048769],[2.401889,47.04805],[2.400812,47.047329],[2.401495,47.046984],[2.402043,47.04662],[2.4011,47.046122],[2.400031,47.04594],[2.39645,47.043375],[2.389671,47.038523],[2.388711,47.043161],[2.388029,47.04647],[2.387768,47.046431],[2.38737,47.049554],[2.387038,47.052136],[2.386883,47.053394],[2.386565,47.055895],[2.386474,47.056798],[2.386337,47.057931],[2.386137,47.059203],[2.385908,47.061041],[2.385903,47.06139],[2.385961,47.062028],[2.38615,47.062674],[2.386292,47.063206],[2.385983,47.063247],[2.385266,47.063313],[2.384594,47.063269],[2.384378,47.063232],[2.383093,47.063154],[2.377704,47.062697],[2.375844,47.059361],[2.375497,47.058778],[2.37543,47.058706],[2.3745,47.057093],[2.374243,47.056774],[2.37396,47.05635],[2.373568,47.0557],[2.372646,47.054205],[2.372327,47.053739],[2.371418,47.052298],[2.370882,47.051408],[2.370639,47.051073],[2.370243,47.050406],[2.369351,47.048698],[2.36917,47.048396],[2.369039,47.048308],[2.369074,47.048138],[2.368856,47.047465],[2.368321,47.045446],[2.367974,47.044277],[2.367558,47.042955],[2.367272,47.042099],[2.36718,47.0419],[2.367014,47.041715],[2.366091,47.040831],[2.365498,47.040294],[2.364594,47.039437],[2.363471,47.038406],[2.362696,47.037709],[2.362141,47.036964],[2.361577,47.036044],[2.361166,47.035301],[2.360788,47.034401],[2.360299,47.033318],[2.359889,47.032361],[2.359695,47.031949],[2.359369,47.031169],[2.358739,47.029562],[2.358144,47.028157],[2.35782,47.028439],[2.353794,47.030007],[2.353326,47.029586],[2.349561,47.031928],[2.349832,47.032502],[2.350049,47.032869],[2.350119,47.033103],[2.350123,47.033391],[2.349904,47.033753],[2.349593,47.03408],[2.346109,47.035752],[2.344906,47.03473],[2.344304,47.034205],[2.343209,47.033282],[2.341753,47.03208],[2.340424,47.030949],[2.339882,47.030355],[2.339445,47.031792],[2.33926,47.03243],[2.338942,47.033456],[2.338286,47.035637],[2.338007,47.036546],[2.337999,47.036696],[2.338096,47.037149],[2.338079,47.037318],[2.337951,47.037595],[2.337413,47.038357],[2.33713,47.038784],[2.336794,47.039355],[2.336679,47.039584],[2.336469,47.040085],[2.336334,47.040353],[2.336064,47.041017],[2.335821,47.041709],[2.33557,47.042196],[2.335302,47.042609],[2.334895,47.043175],[2.334384,47.043836],[2.334107,47.044281],[2.333905,47.044399],[2.333321,47.045208],[2.333072,47.045569],[2.332427,47.046356],[2.332137,47.046695],[2.331297,47.047635],[2.331009,47.048007],[2.330378,47.048929],[2.330088,47.049391],[2.329464,47.05005],[2.329092,47.050495],[2.32865,47.050965],[2.327371,47.052349],[2.327142,47.052618],[2.326902,47.053026],[2.326628,47.053622],[2.328455,47.05433],[2.328804,47.054483],[2.329122,47.054565],[2.330324,47.054821],[2.331046,47.055003],[2.331885,47.055263],[2.332997,47.055697],[2.333703,47.056004],[2.334641,47.056398],[2.33564,47.056807],[2.336082,47.056957],[2.338017,47.057565],[2.338561,47.057748],[2.33891,47.057848],[2.342885,47.059085],[2.34252,47.059527],[2.342208,47.059933],[2.342293,47.060088],[2.342372,47.060433],[2.34267,47.061366],[2.342808,47.061942],[2.343418,47.062338],[2.343499,47.062433],[2.34396,47.062792],[2.344219,47.06314],[2.344273,47.063365],[2.344312,47.064173],[2.345029,47.064873],[2.345051,47.06528],[2.344884,47.065439],[2.344581,47.065545],[2.344275,47.065603],[2.343961,47.065616],[2.343613,47.065538],[2.343196,47.065882],[2.342881,47.066209],[2.342786,47.066855],[2.342816,47.067297],[2.342666,47.068358],[2.341538,47.068787],[2.34091,47.069123],[2.340371,47.069287],[2.340326,47.069329],[2.339952,47.070212],[2.33926,47.071159],[2.338445,47.071215],[2.337985,47.071496],[2.337225,47.071848],[2.336737,47.071758],[2.336012,47.073393],[2.335672,47.073405],[2.334102,47.073421],[2.333167,47.073481],[2.331118,47.073565],[2.330198,47.073619],[2.329339,47.07366],[2.326232,47.073795],[2.324016,47.073926],[2.324169,47.074202],[2.324483,47.074673],[2.32472,47.074969],[2.325857,47.075878],[2.326401,47.076233],[2.327245,47.076589],[2.328184,47.077001],[2.328596,47.077242],[2.328927,47.077512],[2.329224,47.077789],[2.329974,47.078559],[2.330292,47.078918],[2.330705,47.079543],[2.330993,47.079579],[2.331212,47.079638],[2.331792,47.079871],[2.333389,47.080546],[2.333673,47.080642],[2.33391,47.080754],[2.334685,47.081074],[2.334863,47.081163],[2.33492,47.081256],[2.337884,47.08118],[2.337895,47.081624],[2.337938,47.081692],[2.337976,47.082442],[2.338051,47.0828],[2.338038,47.083396],[2.338188,47.084501],[2.33816,47.084663],[2.338005,47.084868],[2.337115,47.085254],[2.33683,47.085413],[2.33673,47.085426],[2.336336,47.085572],[2.335871,47.085776],[2.3357,47.085833],[2.335456,47.086002],[2.334629,47.086472],[2.334158,47.086691],[2.333106,47.087222],[2.332773,47.087412],[2.332571,47.087461],[2.332533,47.087553],[2.332019,47.087801],[2.331569,47.087976],[2.331363,47.088011],[2.331265,47.087981],[2.331089,47.08777],[2.330844,47.087646],[2.330372,47.087647],[2.329978,47.087552],[2.329855,47.087599],[2.329648,47.087779],[2.329539,47.087948],[2.329564,47.088021],[2.330058,47.088517],[2.330076,47.088691],[2.329943,47.088794],[2.329246,47.088948],[2.328886,47.088887]]]}},{"type":"Feature","properties":{"nom":"La Chapelle-Saint-Ursin","code":"18050","codeDepartement":"18","siren":"211800503","codeEpci":"241800507","codeRegion":"24","codesPostaux":["18570"],"population":3681},"geometry":{"type":"Polygon","coordinates":[[[2.32865,47.050965],[2.327816,47.050664],[2.32672,47.050205],[2.326358,47.050064],[2.325969,47.049951],[2.324937,47.049543],[2.324496,47.049317],[2.323746,47.048895],[2.322815,47.048513],[2.322524,47.048366],[2.322057,47.048093],[2.320778,47.047364],[2.318168,47.045952],[2.317333,47.045535],[2.316416,47.045143],[2.315291,47.04477],[2.314567,47.044565],[2.313306,47.044122],[2.312881,47.04395],[2.311345,47.04329],[2.310533,47.042918],[2.310296,47.042825],[2.309756,47.042566],[2.307394,47.041401],[2.305883,47.040403],[2.305645,47.040238],[2.303947,47.039158],[2.301305,47.037434],[2.297844,47.035172],[2.297081,47.035141],[2.297121,47.036185],[2.297361,47.037319],[2.297635,47.038103],[2.298881,47.039323],[2.299079,47.039162],[2.299614,47.03957],[2.299518,47.039983],[2.299688,47.040074],[2.300133,47.040247],[2.299321,47.042546],[2.298359,47.046883],[2.298459,47.046969],[2.29748,47.047488],[2.297952,47.048097],[2.298222,47.048789],[2.298453,47.049418],[2.298603,47.049866],[2.298923,47.050357],[2.299396,47.051384],[2.299571,47.051877],[2.299804,47.052641],[2.299837,47.053271],[2.299972,47.053576],[2.30115,47.054111],[2.301907,47.054655],[2.301197,47.056387],[2.300788,47.057765],[2.30055,47.058642],[2.300453,47.059301],[2.300464,47.059572],[2.300594,47.060104],[2.300538,47.060561],[2.301302,47.063343],[2.304027,47.063532],[2.306764,47.063714],[2.307555,47.063924],[2.308212,47.064117],[2.308753,47.064335],[2.309271,47.064513],[2.309919,47.064656],[2.311044,47.06481],[2.311804,47.064883],[2.312629,47.064996],[2.313193,47.065101],[2.312836,47.066641],[2.31286,47.067671],[2.313644,47.067848],[2.315188,47.068308],[2.315634,47.068458],[2.315505,47.068855],[2.315299,47.069611],[2.315689,47.06965],[2.315703,47.069693],[2.315743,47.070555],[2.315973,47.070616],[2.316065,47.070727],[2.316197,47.071063],[2.31623,47.071341],[2.316198,47.071623],[2.316036,47.072178],[2.315805,47.072664],[2.315605,47.073178],[2.316808,47.073397],[2.317885,47.073584],[2.318425,47.07366],[2.319392,47.073827],[2.321157,47.074078],[2.321387,47.074086],[2.322393,47.074048],[2.324016,47.073926],[2.326232,47.073795],[2.329339,47.07366],[2.330198,47.073619],[2.331118,47.073565],[2.333167,47.073481],[2.334102,47.073421],[2.335672,47.073405],[2.336012,47.073393],[2.336737,47.071758],[2.337225,47.071848],[2.337985,47.071496],[2.338445,47.071215],[2.33926,47.071159],[2.339952,47.070212],[2.340326,47.069329],[2.340371,47.069287],[2.34091,47.069123],[2.341538,47.068787],[2.342666,47.068358],[2.342816,47.067297],[2.342786,47.066855],[2.342881,47.066209],[2.343196,47.065882],[2.343613,47.065538],[2.343961,47.065616],[2.344275,47.065603],[2.344581,47.065545],[2.344884,47.065439],[2.345051,47.06528],[2.345029,47.064873],[2.344312,47.064173],[2.344273,47.063365],[2.344219,47.06314],[2.34396,47.062792],[2.343499,47.062433],[2.343418,47.062338],[2.342808,47.061942],[2.34267,47.061366],[2.342372,47.060433],[2.342293,47.060088],[2.342208,47.059933],[2.34252,47.059527],[2.342885,47.059085],[2.33891,47.057848],[2.338561,47.057748],[2.338017,47.057565],[2.336082,47.056957],[2.33564,47.056807],[2.334641,47.056398],[2.333703,47.056004],[2.332997,47.055697],[2.331885,47.055263],[2.331046,47.055003],[2.330324,47.054821],[2.329122,47.054565],[2.328804,47.054483],[2.328455,47.05433],[2.326628,47.053622],[2.326902,47.053026],[2.327142,47.052618],[2.327371,47.052349],[2.32865,47.050965]]]}},{"type":"Feature","properties":{"nom":"Lissay-Lochy","code":"18129","codeDepartement":"18","siren":"211801295","codeEpci":"241800507","codeRegion":"24","codesPostaux":["18340"],"population":231},"geometry":{"type":"Polygon","coordinates":[[[2.39382,46.999371],[2.394835,46.99142],[2.395396,46.987094],[2.396168,46.987113],[2.396392,46.987059],[2.396651,46.987231],[2.396673,46.987321],[2.397641,46.987294],[2.399033,46.987615],[2.399944,46.987718],[2.400553,46.987809],[2.401574,46.988053],[2.402525,46.988319],[2.403402,46.988544],[2.405575,46.989148],[2.406869,46.989438],[2.408057,46.989743],[2.40838,46.989816],[2.409227,46.989924],[2.410755,46.990062],[2.411689,46.990071],[2.413371,46.990369],[2.413225,46.98901],[2.413409,46.988264],[2.413341,46.987985],[2.413212,46.987588],[2.41321,46.986337],[2.413425,46.98586],[2.413841,46.985186],[2.414156,46.985059],[2.414144,46.984771],[2.414103,46.984646],[2.414679,46.983872],[2.414851,46.983602],[2.415164,46.983525],[2.415596,46.983499],[2.416097,46.983511],[2.416653,46.983561],[2.419294,46.983965],[2.420468,46.982257],[2.421156,46.981131],[2.42293,46.982016],[2.423902,46.982529],[2.42703,46.982548],[2.428697,46.982586],[2.429307,46.982568],[2.432019,46.981982],[2.430856,46.980095],[2.431487,46.980138],[2.430966,46.979687],[2.42872,46.978308],[2.427393,46.977503],[2.427301,46.977416],[2.425453,46.976259],[2.425246,46.976157],[2.425704,46.975295],[2.425703,46.974081],[2.425637,46.973856],[2.426338,46.960901],[2.425286,46.960677],[2.4243,46.960408],[2.417792,46.957579],[2.415162,46.956321],[2.414966,46.956501],[2.41444,46.957401],[2.413195,46.959021],[2.412867,46.959021],[2.412144,46.958797],[2.41234,46.958078],[2.411749,46.957987],[2.411617,46.958348],[2.41142,46.958348],[2.410172,46.958033],[2.408857,46.958305],[2.407085,46.958306],[2.405835,46.957991],[2.405112,46.957587],[2.40471,46.957004],[2.404345,46.957016],[2.40393,46.956991],[2.40253,46.956868],[2.400776,46.956727],[2.399367,46.956595],[2.395817,46.956698],[2.395894,46.956485],[2.395962,46.956172],[2.396005,46.955686],[2.395903,46.954399],[2.39593,46.953547],[2.395924,46.952915],[2.395848,46.952235],[2.388947,46.952467],[2.387436,46.952468],[2.387004,46.952302],[2.385009,46.951698],[2.384493,46.951576],[2.380666,46.950869],[2.380525,46.950861],[2.378762,46.950537],[2.378369,46.950942],[2.372855,46.955757],[2.372659,46.955933],[2.37235,46.955844],[2.371953,46.955684],[2.369043,46.954396],[2.368646,46.954254],[2.36828,46.954187],[2.365679,46.953835],[2.365134,46.953744],[2.363502,46.95338],[2.36255,46.953157],[2.362399,46.953113],[2.361476,46.952955],[2.361094,46.954051],[2.361291,46.954591],[2.360701,46.955266],[2.359782,46.95783],[2.359322,46.957875],[2.359059,46.957785],[2.3586,46.957785],[2.358009,46.959629],[2.358337,46.959854],[2.358404,46.960214],[2.357878,46.960529],[2.357287,46.960574],[2.356599,46.962706],[2.356202,46.962656],[2.356114,46.962669],[2.355998,46.962793],[2.355714,46.962801],[2.355436,46.962764],[2.355032,46.96267],[2.353104,46.962279],[2.352488,46.96213],[2.352276,46.962037],[2.351861,46.961671],[2.351233,46.961044],[2.351041,46.96098],[2.351126,46.961239],[2.351658,46.963014],[2.351793,46.963516],[2.351911,46.964048],[2.352034,46.96472],[2.35213,46.965354],[2.352295,46.966274],[2.352486,46.967471],[2.352474,46.968602],[2.352477,46.969236],[2.352457,46.970072],[2.352458,46.970895],[2.35242,46.973721],[2.352419,46.974584],[2.352396,46.975957],[2.352393,46.976866],[2.352364,46.978516],[2.352385,46.979944],[2.352479,46.98202],[2.352565,46.983506],[2.352588,46.984247],[2.352633,46.984937],[2.352766,46.985695],[2.352982,46.986432],[2.353589,46.988183],[2.353845,46.988892],[2.354027,46.989428],[2.35431,46.990197],[2.354503,46.990665],[2.354671,46.991234],[2.35503,46.991516],[2.356098,46.991698],[2.35697,46.991864],[2.35733,46.991943],[2.358119,46.992153],[2.360095,46.992382],[2.363389,46.993882],[2.369075,46.99611],[2.371263,46.997114],[2.371673,46.997386],[2.373738,46.998847],[2.37491,46.997617],[2.37499,46.996771],[2.375845,46.996189],[2.379892,46.996579],[2.381872,46.996864],[2.384923,46.997543],[2.386973,46.998247],[2.388057,46.99851],[2.388909,46.998727],[2.388991,46.998762],[2.39089,46.999246],[2.391684,46.999309],[2.392649,46.999347],[2.39382,46.999371]]]}},{"type":"Feature","properties":{"nom":"Marmagne","code":"18138","codeDepartement":"18","siren":"211801386","codeEpci":"241800507","codeRegion":"24","codesPostaux":["18500"],"population":1963},"geometry":{"type":"Polygon","coordinates":[[[2.246193,47.118943],[2.24629,47.118833],[2.246301,47.118423],[2.246247,47.118234],[2.24627,47.117854],[2.246344,47.117722],[2.246635,47.117546],[2.246881,47.117364],[2.247129,47.116997],[2.247303,47.1168],[2.247454,47.116541],[2.247773,47.116355],[2.248354,47.116287],[2.248421,47.116217],[2.248532,47.115912],[2.248706,47.115796],[2.249273,47.115765],[2.249538,47.115686],[2.249661,47.115499],[2.249663,47.115337],[2.249575,47.115111],[2.249253,47.114676],[2.249228,47.114586],[2.249324,47.114407],[2.249749,47.11424],[2.250026,47.114189],[2.250518,47.113968],[2.250734,47.113683],[2.250908,47.113531],[2.251238,47.113507],[2.251435,47.113553],[2.251762,47.113673],[2.251932,47.1138],[2.252194,47.11392],[2.252601,47.113941],[2.253092,47.11382],[2.253569,47.113644],[2.254368,47.113183],[2.254595,47.113068],[2.254835,47.1129],[2.255089,47.112767],[2.255314,47.112697],[2.255737,47.112629],[2.256236,47.112678],[2.256397,47.112563],[2.256399,47.112437],[2.256153,47.112201],[2.256155,47.112021],[2.256237,47.111904],[2.256955,47.111614],[2.257313,47.111437],[2.258125,47.111003],[2.258817,47.110686],[2.259426,47.110457],[2.259959,47.110201],[2.260464,47.1099],[2.260866,47.109615],[2.261187,47.109321],[2.261346,47.109215],[2.261584,47.109181],[2.262033,47.109185],[2.262702,47.10929],[2.26285,47.109237],[2.263129,47.109051],[2.263263,47.108916],[2.263456,47.109143],[2.263494,47.109252],[2.263452,47.109422],[2.263471,47.10979],[2.263509,47.109891],[2.263774,47.109937],[2.264234,47.109914],[2.264959,47.109939],[2.265184,47.10986],[2.265397,47.109844],[2.265511,47.11007],[2.265798,47.110189],[2.266088,47.110218],[2.266244,47.110291],[2.266848,47.110512],[2.26715,47.110587],[2.267348,47.110607],[2.267797,47.110548],[2.268075,47.11046],[2.268314,47.110354],[2.268975,47.110279],[2.269159,47.110245],[2.269372,47.110147],[2.269521,47.109951],[2.269485,47.109789],[2.269133,47.109543],[2.268978,47.109345],[2.268953,47.109199],[2.269047,47.109083],[2.269353,47.108988],[2.269681,47.109],[2.269879,47.109073],[2.270796,47.109324],[2.271295,47.109535],[2.271504,47.109581],[2.272059,47.109487],[2.272324,47.109462],[2.272786,47.109467],[2.273011,47.109424],[2.273435,47.109229],[2.27365,47.109042],[2.27433,47.108608],[2.274715,47.108431],[2.274952,47.10845],[2.275143,47.108822],[2.275298,47.108967],[2.275442,47.109039],[2.275916,47.10908],[2.276518,47.109328],[2.2769,47.109366],[2.277244,47.109315],[2.277494,47.109247],[2.277591,47.109013],[2.277672,47.108996],[2.278039,47.109035],[2.278393,47.109182],[2.278655,47.109337],[2.279036,47.109322],[2.279158,47.109161],[2.279018,47.108872],[2.279112,47.108765],[2.280023,47.10871],[2.280577,47.108714],[2.28076,47.108698],[2.281145,47.108611],[2.281661,47.108445],[2.282441,47.108353],[2.283193,47.108332],[2.283551,47.10829],[2.284289,47.108171],[2.285228,47.108079],[2.285625,47.10802],[2.286192,47.10789],[2.286313,47.107847],[2.286698,47.107606],[2.287035,47.107337],[2.287432,47.107172],[2.287789,47.107076],[2.288144,47.10707],[2.289038,47.107275],[2.289399,47.107193],[2.289765,47.107055],[2.289932,47.106857],[2.290035,47.106577],[2.290334,47.106369],[2.290831,47.106113],[2.291105,47.105913],[2.291247,47.105777],[2.291536,47.10565],[2.291904,47.105557],[2.292032,47.105395],[2.292082,47.105169],[2.292357,47.10506],[2.29266,47.105076],[2.293162,47.105198],[2.293532,47.105205],[2.293674,47.105068],[2.29371,47.104861],[2.293603,47.104701],[2.293602,47.104565],[2.293855,47.104155],[2.293975,47.104089],[2.294318,47.104139],[2.294466,47.104246],[2.295063,47.104493],[2.295683,47.104642],[2.296196,47.104612],[2.296406,47.104529],[2.296796,47.104211],[2.297151,47.104138],[2.2981,47.104167],[2.298454,47.104112],[2.298637,47.104029],[2.29874,47.103839],[2.298673,47.103705],[2.298525,47.103589],[2.298049,47.103403],[2.297929,47.103332],[2.297861,47.103154],[2.297856,47.102829],[2.297919,47.102668],[2.298222,47.102638],[2.298634,47.10286],[2.299124,47.103055],[2.299545,47.102971],[2.300242,47.102903],[2.300438,47.102803],[2.300541,47.102703],[2.300682,47.102378],[2.300728,47.102027],[2.300633,47.101822],[2.300668,47.10148],[2.300902,47.101307],[2.301112,47.101243],[2.30131,47.101241],[2.301586,47.101285],[2.301852,47.101436],[2.302011,47.10148],[2.302366,47.101405],[2.302706,47.10125],[2.302822,47.101097],[2.302988,47.100799],[2.303134,47.100735],[2.30345,47.100759],[2.303583,47.100866],[2.303626,47.101074],[2.303576,47.10137],[2.303685,47.101567],[2.303884,47.101638],[2.304306,47.101707],[2.304596,47.101714],[2.304924,47.101667],[2.305254,47.101656],[2.305519,47.10168],[2.305731,47.10177],[2.305904,47.101885],[2.306155,47.101946],[2.306497,47.101953],[2.306824,47.101816],[2.306863,47.101735],[2.306739,47.101439],[2.306433,47.101189],[2.306352,47.101081],[2.306351,47.100947],[2.306452,47.100757],[2.306436,47.100505],[2.30614,47.100113],[2.306138,47.099951],[2.306279,47.099698],[2.306539,47.099534],[2.306737,47.099523],[2.306883,47.099657],[2.306898,47.099738],[2.306756,47.099919],[2.30681,47.100098],[2.307081,47.100528],[2.30758,47.100435],[2.308066,47.100417],[2.308844,47.100408],[2.309003,47.100389],[2.309133,47.100316],[2.309314,47.100081],[2.309377,47.099937],[2.309586,47.099828],[2.309836,47.09979],[2.310087,47.099861],[2.310302,47.100084],[2.310527,47.10019],[2.310676,47.10018],[2.310946,47.100034],[2.311324,47.099762],[2.311595,47.099392],[2.311427,47.099323],[2.310974,47.099261],[2.310697,47.099271],[2.310316,47.099346],[2.310001,47.099358],[2.309842,47.099323],[2.309747,47.099207],[2.309759,47.099081],[2.309967,47.098916],[2.310359,47.098698],[2.310554,47.098473],[2.310697,47.098373],[2.310959,47.09829],[2.311276,47.098351],[2.311582,47.098528],[2.311704,47.098761],[2.312064,47.09902],[2.312207,47.098929],[2.312519,47.098665],[2.31266,47.098395],[2.31272,47.098008],[2.312705,47.097855],[2.312492,47.097712],[2.312069,47.09767],[2.311831,47.097618],[2.311698,47.097511],[2.311656,47.097386],[2.31176,47.097295],[2.312193,47.097221],[2.312324,47.097139],[2.312467,47.096958],[2.312476,47.09668],[2.312363,47.09615],[2.312571,47.096013],[2.312702,47.095994],[2.312874,47.096047],[2.3131,47.096216],[2.313167,47.096314],[2.31332,47.096745],[2.313691,47.096833],[2.313991,47.096822],[2.314425,47.096665],[2.314987,47.096383],[2.315522,47.09602],[2.316082,47.095692],[2.316365,47.095232],[2.316624,47.094888],[2.316792,47.094716],[2.316932,47.094427],[2.317062,47.0943],[2.317298,47.094245],[2.318089,47.094249],[2.318528,47.094551],[2.318659,47.094577],[2.319041,47.094539],[2.319223,47.094349],[2.319445,47.094293],[2.319603,47.094292],[2.319721,47.09422],[2.319781,47.093851],[2.319389,47.093197],[2.319308,47.093116],[2.318645,47.092717],[2.318524,47.092574],[2.318506,47.09225],[2.318702,47.092176],[2.319019,47.092237],[2.319178,47.092318],[2.319724,47.092646],[2.320148,47.092877],[2.320399,47.092965],[2.320624,47.092991],[2.321151,47.092996],[2.321598,47.092912],[2.321793,47.092812],[2.322001,47.092612],[2.32204,47.092495],[2.32185,47.092173],[2.321461,47.091746],[2.321174,47.091908],[2.320846,47.091992],[2.320331,47.091896],[2.319971,47.091583],[2.319903,47.091484],[2.319913,47.091277],[2.320411,47.091086],[2.320659,47.091013],[2.320831,47.091002],[2.321122,47.091054],[2.321335,47.09125],[2.321442,47.091438],[2.321814,47.09157],[2.322078,47.091613],[2.322418,47.091459],[2.32276,47.091429],[2.323087,47.091283],[2.323283,47.091147],[2.323398,47.090912],[2.323469,47.090462],[2.323635,47.090137],[2.323751,47.089984],[2.323562,47.089482],[2.323687,47.0893],[2.323962,47.089235],[2.324411,47.08934],[2.324634,47.089259],[2.325317,47.089147],[2.325592,47.089154],[2.325802,47.089009],[2.325812,47.088846],[2.325745,47.088729],[2.325439,47.088605],[2.325007,47.088617],[2.324768,47.088546],[2.324688,47.088475],[2.324802,47.088222],[2.32505,47.088004],[2.325286,47.08794],[2.325454,47.087686],[2.325584,47.087586],[2.325739,47.087388],[2.325883,47.087315],[2.326197,47.087259],[2.326436,47.087365],[2.326476,47.087482],[2.326431,47.08787],[2.326552,47.088049],[2.326688,47.088409],[2.326654,47.088697],[2.326686,47.089156],[2.326794,47.089371],[2.326927,47.089478],[2.327124,47.089433],[2.327411,47.089278],[2.327541,47.089133],[2.327674,47.088784],[2.327862,47.088645],[2.328057,47.088428],[2.328215,47.088417],[2.328558,47.08846],[2.328691,47.088531],[2.328886,47.088887],[2.329246,47.088948],[2.329943,47.088794],[2.330076,47.088691],[2.330058,47.088517],[2.329564,47.088021],[2.329539,47.087948],[2.329648,47.087779],[2.329855,47.087599],[2.329978,47.087552],[2.330372,47.087647],[2.330844,47.087646],[2.331089,47.08777],[2.331265,47.087981],[2.331363,47.088011],[2.331569,47.087976],[2.332019,47.087801],[2.332533,47.087553],[2.332571,47.087461],[2.332773,47.087412],[2.333106,47.087222],[2.334158,47.086691],[2.334629,47.086472],[2.335456,47.086002],[2.3357,47.085833],[2.335871,47.085776],[2.336336,47.085572],[2.33673,47.085426],[2.33683,47.085413],[2.337115,47.085254],[2.338005,47.084868],[2.33816,47.084663],[2.338188,47.084501],[2.338038,47.083396],[2.338051,47.0828],[2.337976,47.082442],[2.337938,47.081692],[2.337895,47.081624],[2.337884,47.08118],[2.33492,47.081256],[2.334863,47.081163],[2.334685,47.081074],[2.33391,47.080754],[2.333673,47.080642],[2.333389,47.080546],[2.331792,47.079871],[2.331212,47.079638],[2.330993,47.079579],[2.330705,47.079543],[2.330292,47.078918],[2.329974,47.078559],[2.329224,47.077789],[2.328927,47.077512],[2.328596,47.077242],[2.328184,47.077001],[2.327245,47.076589],[2.326401,47.076233],[2.325857,47.075878],[2.32472,47.074969],[2.324483,47.074673],[2.324169,47.074202],[2.324016,47.073926],[2.322393,47.074048],[2.321387,47.074086],[2.321157,47.074078],[2.319392,47.073827],[2.318425,47.07366],[2.317885,47.073584],[2.316808,47.073397],[2.315605,47.073178],[2.315805,47.072664],[2.316036,47.072178],[2.316198,47.071623],[2.31623,47.071341],[2.316197,47.071063],[2.316065,47.070727],[2.315973,47.070616],[2.315743,47.070555],[2.315703,47.069693],[2.315689,47.06965],[2.315299,47.069611],[2.315505,47.068855],[2.315634,47.068458],[2.315188,47.068308],[2.313644,47.067848],[2.31286,47.067671],[2.312836,47.066641],[2.313193,47.065101],[2.312629,47.064996],[2.311804,47.064883],[2.311044,47.06481],[2.309919,47.064656],[2.309271,47.064513],[2.308753,47.064335],[2.308212,47.064117],[2.307555,47.063924],[2.306764,47.063714],[2.304027,47.063532],[2.301302,47.063343],[2.300973,47.063282],[2.299707,47.063261],[2.29972,47.063189],[2.296214,47.062847],[2.296189,47.063125],[2.294396,47.062819],[2.294186,47.062964],[2.290646,47.062108],[2.29042,47.062064],[2.290344,47.062141],[2.288023,47.061693],[2.282926,47.060059],[2.282877,47.059896],[2.279838,47.059271],[2.279548,47.05988],[2.277325,47.059201],[2.273095,47.058285],[2.272719,47.058604],[2.272151,47.058725],[2.268749,47.058358],[2.265557,47.057542],[2.258051,47.057203],[2.2581,47.059065],[2.257916,47.059072],[2.256864,47.061984],[2.247875,47.069654],[2.244499,47.072469],[2.24058,47.075743],[2.239955,47.076652],[2.236856,47.081143],[2.236245,47.081983],[2.232201,47.088006],[2.231377,47.089189],[2.229423,47.092435],[2.225661,47.094884],[2.223382,47.096321],[2.222329,47.097215],[2.220053,47.099168],[2.218241,47.100689],[2.216264,47.102363],[2.216,47.102564],[2.216774,47.102771],[2.217787,47.103095],[2.218842,47.10338],[2.220567,47.10421],[2.225742,47.106895],[2.225342,47.107271],[2.224374,47.10845],[2.223962,47.108967],[2.223441,47.109565],[2.222712,47.110419],[2.221588,47.111668],[2.221157,47.112162],[2.220814,47.112577],[2.220255,47.113183],[2.219929,47.11357],[2.219412,47.114135],[2.218796,47.114855],[2.218405,47.115329],[2.217866,47.115928],[2.217371,47.116513],[2.216482,47.117516],[2.216102,47.117904],[2.215416,47.118505],[2.214316,47.119415],[2.213699,47.119933],[2.213809,47.119989],[2.215355,47.121016],[2.217061,47.122143],[2.218791,47.123296],[2.218455,47.123494],[2.218912,47.123869],[2.219591,47.124515],[2.220232,47.125097],[2.221341,47.124923],[2.221771,47.124837],[2.222026,47.12571],[2.2221,47.126179],[2.222146,47.126189],[2.222753,47.126714],[2.222462,47.12694],[2.222625,47.12701],[2.223388,47.127489],[2.223781,47.127749],[2.224461,47.128075],[2.224614,47.128133],[2.22488,47.128308],[2.22637,47.128985],[2.226488,47.129125],[2.226847,47.129418],[2.226889,47.129495],[2.227258,47.12946],[2.22764,47.129399],[2.228077,47.129265],[2.228659,47.129214],[2.229792,47.129183],[2.230029,47.129148],[2.230413,47.129051],[2.230653,47.12889],[2.23072,47.12871],[2.230736,47.128314],[2.230815,47.128243],[2.231582,47.128048],[2.231834,47.127942],[2.232033,47.127744],[2.232246,47.127628],[2.232445,47.12744],[2.232885,47.126839],[2.233044,47.126732],[2.233138,47.126606],[2.233138,47.126471],[2.232982,47.126335],[2.232955,47.126245],[2.233089,47.12612],[2.233432,47.126022],[2.233656,47.126077],[2.233958,47.126241],[2.234208,47.126304],[2.234724,47.12619],[2.234961,47.126037],[2.234994,47.125453],[2.235047,47.125382],[2.235523,47.125158],[2.235509,47.125053],[2.235673,47.124736],[2.23603,47.124386],[2.236534,47.124127],[2.236773,47.123931],[2.237184,47.123761],[2.237831,47.123549],[2.238413,47.123335],[2.238879,47.122922],[2.239687,47.122305],[2.239728,47.122197],[2.239773,47.121784],[2.239892,47.121649],[2.240221,47.121398],[2.240493,47.121359],[2.241028,47.121615],[2.241339,47.121659],[2.241842,47.121586],[2.242379,47.121324],[2.242603,47.121317],[2.242892,47.121411],[2.243139,47.121376],[2.243332,47.121303],[2.243578,47.121134],[2.243771,47.120886],[2.243921,47.120624],[2.244284,47.120428],[2.244606,47.12037],[2.244949,47.120334],[2.245099,47.120195],[2.245076,47.1201],[2.244789,47.119895],[2.244714,47.119669],[2.244757,47.119332],[2.24495,47.119018],[2.245165,47.118872],[2.245432,47.118836],[2.245647,47.118938],[2.245936,47.119004],[2.246193,47.118943]]]}},{"type":"Feature","properties":{"nom":"Mehun-sur-Yèvre","code":"18141","codeDepartement":"18","siren":"211801410","codeEpci":"241800507","codeRegion":"24","codesPostaux":["18500"],"population":6380},"geometry":{"type":"Polygon","coordinates":[[[2.246193,47.118943],[2.245936,47.119004],[2.245647,47.118938],[2.245432,47.118836],[2.245165,47.118872],[2.24495,47.119018],[2.244757,47.119332],[2.244714,47.119669],[2.244789,47.119895],[2.245076,47.1201],[2.245099,47.120195],[2.244949,47.120334],[2.244606,47.12037],[2.244284,47.120428],[2.243921,47.120624],[2.243771,47.120886],[2.243578,47.121134],[2.243332,47.121303],[2.243139,47.121376],[2.242892,47.121411],[2.242603,47.121317],[2.242379,47.121324],[2.241842,47.121586],[2.241339,47.121659],[2.241028,47.121615],[2.240493,47.121359],[2.240221,47.121398],[2.239892,47.121649],[2.239773,47.121784],[2.239728,47.122197],[2.239687,47.122305],[2.238879,47.122922],[2.238413,47.123335],[2.237831,47.123549],[2.237184,47.123761],[2.236773,47.123931],[2.236534,47.124127],[2.23603,47.124386],[2.235673,47.124736],[2.235509,47.125053],[2.235523,47.125158],[2.235047,47.125382],[2.234994,47.125453],[2.234961,47.126037],[2.234724,47.12619],[2.234208,47.126304],[2.233958,47.126241],[2.233656,47.126077],[2.233432,47.126022],[2.233089,47.12612],[2.232955,47.126245],[2.232982,47.126335],[2.233138,47.126471],[2.233138,47.126606],[2.233044,47.126732],[2.232885,47.126839],[2.232445,47.12744],[2.232246,47.127628],[2.232033,47.127744],[2.231834,47.127942],[2.231582,47.128048],[2.230815,47.128243],[2.230736,47.128314],[2.23072,47.12871],[2.230653,47.12889],[2.230413,47.129051],[2.230029,47.129148],[2.229792,47.129183],[2.228659,47.129214],[2.228077,47.129265],[2.22764,47.129399],[2.227258,47.12946],[2.226889,47.129495],[2.226847,47.129418],[2.226488,47.129125],[2.22637,47.128985],[2.22488,47.128308],[2.224614,47.128133],[2.224461,47.128075],[2.223781,47.127749],[2.223388,47.127489],[2.222625,47.12701],[2.222462,47.12694],[2.222753,47.126714],[2.222146,47.126189],[2.2221,47.126179],[2.222026,47.12571],[2.221771,47.124837],[2.221341,47.124923],[2.220232,47.125097],[2.219591,47.124515],[2.218912,47.123869],[2.218455,47.123494],[2.218791,47.123296],[2.217061,47.122143],[2.215355,47.121016],[2.213809,47.119989],[2.213699,47.119933],[2.214316,47.119415],[2.215416,47.118505],[2.216102,47.117904],[2.216482,47.117516],[2.217371,47.116513],[2.217866,47.115928],[2.218405,47.115329],[2.218796,47.114855],[2.219412,47.114135],[2.219929,47.11357],[2.220255,47.113183],[2.220814,47.112577],[2.221157,47.112162],[2.221588,47.111668],[2.222712,47.110419],[2.223441,47.109565],[2.223962,47.108967],[2.224374,47.10845],[2.225342,47.107271],[2.225742,47.106895],[2.220567,47.10421],[2.218842,47.10338],[2.217787,47.103095],[2.216774,47.102771],[2.216,47.102564],[2.212353,47.102193],[2.209104,47.102042],[2.208958,47.103079],[2.208898,47.103615],[2.208849,47.104238],[2.20877,47.10423],[2.207613,47.103978],[2.206331,47.103676],[2.20505,47.104486],[2.202838,47.105868],[2.202078,47.106349],[2.197455,47.105981],[2.197258,47.105995],[2.197359,47.106495],[2.197499,47.107775],[2.197598,47.108166],[2.197681,47.108314],[2.19794,47.108565],[2.198331,47.108857],[2.198891,47.109244],[2.199245,47.109509],[2.199159,47.109579],[2.198564,47.11091],[2.198136,47.111807],[2.197683,47.112611],[2.197634,47.112811],[2.19749,47.113037],[2.197027,47.114071],[2.196868,47.114493],[2.196771,47.114638],[2.196429,47.115337],[2.196935,47.115636],[2.197323,47.115903],[2.1977,47.116114],[2.198747,47.116925],[2.199188,47.117227],[2.198817,47.117414],[2.198618,47.117248],[2.197261,47.11813],[2.196786,47.118508],[2.197009,47.119246],[2.196774,47.120472],[2.196418,47.121649],[2.196246,47.121991],[2.195969,47.122297],[2.194415,47.123641],[2.193386,47.124475],[2.192978,47.124863],[2.191067,47.128507],[2.190264,47.129714],[2.189316,47.132819],[2.188816,47.135915],[2.187708,47.137902],[2.187572,47.137889],[2.186744,47.139576],[2.185889,47.140728],[2.18563,47.141334],[2.185506,47.141462],[2.181059,47.142157],[2.17916,47.145296],[2.179645,47.1454],[2.179458,47.146127],[2.177492,47.148636],[2.176556,47.149841],[2.176337,47.150199],[2.176117,47.151302],[2.178208,47.152855],[2.181948,47.155573],[2.180568,47.156441],[2.185657,47.159942],[2.18619,47.159593],[2.186711,47.159941],[2.186771,47.160111],[2.187361,47.160507],[2.18792,47.160153],[2.188394,47.159879],[2.188697,47.15973],[2.190126,47.159145],[2.191232,47.158709],[2.191914,47.158416],[2.192629,47.158085],[2.193431,47.158933],[2.193578,47.159112],[2.19377,47.159428],[2.193788,47.159649],[2.193892,47.159749],[2.194207,47.159806],[2.194359,47.16008],[2.194819,47.160117],[2.194918,47.159942],[2.194873,47.159579],[2.194888,47.159435],[2.195246,47.159358],[2.196224,47.159268],[2.19654,47.15929],[2.197476,47.159299],[2.198126,47.159197],[2.198383,47.159127],[2.198675,47.159007],[2.198916,47.158639],[2.198971,47.158288],[2.199092,47.158127],[2.199342,47.157921],[2.199621,47.157786],[2.200241,47.157735],[2.200651,47.157646],[2.201161,47.158415],[2.201691,47.159086],[2.202477,47.158774],[2.20285,47.158588],[2.203758,47.159933],[2.203948,47.159861],[2.204423,47.159605],[2.206317,47.160586],[2.206809,47.160801],[2.207548,47.16116],[2.207662,47.161134],[2.207877,47.160968],[2.208659,47.159992],[2.209318,47.159992],[2.210769,47.160128],[2.211493,47.160579],[2.212679,47.160941],[2.213009,47.16094],[2.214462,47.159942],[2.215686,47.158955],[2.21603,47.15883],[2.215996,47.158208],[2.216157,47.158186],[2.216817,47.158001],[2.218947,47.157365],[2.221346,47.156687],[2.221158,47.155838],[2.222032,47.155097],[2.220835,47.153943],[2.220671,47.153716],[2.220483,47.153402],[2.22019,47.152865],[2.220108,47.152679],[2.220073,47.152289],[2.22012,47.151918],[2.220247,47.151405],[2.220658,47.149941],[2.220809,47.149179],[2.22085,47.148861],[2.22093,47.148577],[2.221162,47.148086],[2.22111,47.147938],[2.221252,47.147776],[2.221583,47.147093],[2.221691,47.146961],[2.22203,47.146466],[2.222059,47.146371],[2.222223,47.146318],[2.222304,47.146184],[2.222562,47.145948],[2.222955,47.14572],[2.223065,47.145686],[2.22334,47.14594],[2.224169,47.146631],[2.224642,47.147045],[2.225181,47.147491],[2.22547,47.147767],[2.225777,47.147863],[2.225885,47.147927],[2.226007,47.148126],[2.226195,47.148201],[2.226551,47.148217],[2.226648,47.148057],[2.22687,47.147798],[2.226937,47.147601],[2.227305,47.14774],[2.227657,47.147846],[2.228026,47.148017],[2.228574,47.148201],[2.22919,47.148444],[2.230303,47.148869],[2.230786,47.148971],[2.231035,47.14908],[2.231434,47.1493],[2.23169,47.149416],[2.231786,47.149527],[2.231924,47.149527],[2.232117,47.149613],[2.232362,47.149654],[2.232881,47.149825],[2.233115,47.149867],[2.233904,47.150174],[2.234642,47.15036],[2.234895,47.150398],[2.235495,47.150414],[2.235573,47.150521],[2.235709,47.150518],[2.236048,47.150345],[2.236628,47.150082],[2.236931,47.149839],[2.237033,47.149802],[2.237515,47.150056],[2.237628,47.150188],[2.238079,47.150347],[2.238423,47.150419],[2.23851,47.150552],[2.238655,47.150595],[2.238826,47.150583],[2.23914,47.15051],[2.239332,47.150501],[2.239586,47.150548],[2.239802,47.150435],[2.239987,47.150424],[2.240454,47.150342],[2.24056,47.150264],[2.241019,47.15027],[2.241191,47.15034],[2.241555,47.150327],[2.241869,47.15028],[2.242495,47.15013],[2.242736,47.150245],[2.242917,47.150281],[2.24303,47.150354],[2.243315,47.150454],[2.243615,47.150459],[2.243764,47.150662],[2.243896,47.150659],[2.24406,47.150433],[2.244301,47.150372],[2.244374,47.150281],[2.244448,47.15003],[2.244534,47.149867],[2.245004,47.149574],[2.245039,47.149519],[2.245586,47.149273],[2.245978,47.149174],[2.246086,47.149117],[2.246382,47.149063],[2.246329,47.148815],[2.24621,47.14874],[2.246347,47.148667],[2.246725,47.148628],[2.247161,47.148549],[2.247656,47.148436],[2.247996,47.148417],[2.248158,47.148354],[2.248546,47.148338],[2.248728,47.148285],[2.248821,47.148425],[2.249234,47.148476],[2.249393,47.148287],[2.249549,47.148331],[2.249592,47.148489],[2.250187,47.148507],[2.250274,47.148564],[2.250331,47.148751],[2.250813,47.148804],[2.250976,47.148689],[2.251081,47.148728],[2.251063,47.148848],[2.250902,47.148876],[2.250883,47.148981],[2.251071,47.149048],[2.251319,47.149058],[2.251412,47.148952],[2.251609,47.149018],[2.251399,47.149189],[2.25158,47.149371],[2.251852,47.149358],[2.251862,47.149483],[2.251958,47.149509],[2.25216,47.149416],[2.252093,47.149325],[2.252211,47.149244],[2.252246,47.149131],[2.252475,47.149185],[2.252512,47.149587],[2.252808,47.149747],[2.252934,47.149646],[2.252866,47.149511],[2.253002,47.149353],[2.253177,47.149434],[2.253153,47.149736],[2.253412,47.149735],[2.253685,47.149564],[2.253804,47.149578],[2.254062,47.149883],[2.25432,47.149776],[2.254492,47.149902],[2.254686,47.149816],[2.254963,47.149894],[2.255518,47.149871],[2.255888,47.149956],[2.256116,47.149941],[2.256465,47.149976],[2.256725,47.150037],[2.256925,47.149916],[2.257067,47.149903],[2.257421,47.150034],[2.257555,47.150012],[2.257635,47.149681],[2.258055,47.149715],[2.258166,47.149822],[2.258391,47.149791],[2.258743,47.149794],[2.25883,47.149995],[2.259088,47.150043],[2.259216,47.149863],[2.259359,47.14991],[2.259411,47.150013],[2.259532,47.150036],[2.259677,47.149961],[2.259823,47.149948],[2.260357,47.150219],[2.260496,47.150143],[2.260757,47.150188],[2.260988,47.150279],[2.260891,47.150609],[2.261151,47.1507],[2.261315,47.150849],[2.261455,47.150837],[2.26199,47.150906],[2.262133,47.150976],[2.262266,47.151109],[2.262471,47.151183],[2.262584,47.151112],[2.262543,47.151035],[2.262678,47.150879],[2.262975,47.15088],[2.263033,47.150822],[2.263319,47.150807],[2.263418,47.150726],[2.263796,47.150675],[2.263872,47.150575],[2.264192,47.150624],[2.264286,47.150387],[2.264476,47.150474],[2.264686,47.150403],[2.264697,47.150527],[2.264974,47.150529],[2.265099,47.150387],[2.26527,47.150311],[2.265411,47.150307],[2.265573,47.150455],[2.265715,47.150477],[2.265909,47.150373],[2.26601,47.149373],[2.266042,47.148935],[2.266185,47.14767],[2.266461,47.147065],[2.266711,47.146733],[2.267101,47.14637],[2.267794,47.145597],[2.267921,47.145398],[2.268158,47.144776],[2.268276,47.14433],[2.268106,47.142925],[2.268048,47.142338],[2.268191,47.141948],[2.268236,47.141761],[2.26832,47.141758],[2.268251,47.141412],[2.268132,47.141214],[2.267676,47.140792],[2.266641,47.139543],[2.266441,47.139259],[2.266212,47.138984],[2.265956,47.138729],[2.265752,47.13857],[2.265526,47.138444],[2.265243,47.138339],[2.264611,47.138163],[2.264479,47.138067],[2.265325,47.137931],[2.267395,47.137609],[2.272429,47.136816],[2.272539,47.136067],[2.273902,47.134395],[2.272948,47.132417],[2.271389,47.131867],[2.267328,47.128914],[2.264555,47.127895],[2.263403,47.128895],[2.261159,47.127695],[2.259874,47.127046],[2.259017,47.126586],[2.258307,47.126164],[2.257547,47.125672],[2.256745,47.125179],[2.255876,47.124683],[2.255118,47.12423],[2.254876,47.124068],[2.254653,47.123866],[2.25481,47.123735],[2.253452,47.123064],[2.251258,47.121625],[2.250452,47.121062],[2.249629,47.120422],[2.251002,47.119958],[2.250582,47.119075],[2.250407,47.119146],[2.250029,47.119653],[2.249737,47.119407],[2.249089,47.119721],[2.248955,47.119651],[2.248933,47.119235],[2.248134,47.119416],[2.247946,47.119664],[2.247558,47.119583],[2.24737,47.119446],[2.247085,47.119418],[2.246653,47.119482],[2.246313,47.119502],[2.246396,47.119275],[2.246387,47.119199],[2.246193,47.118943]]]}},{"type":"Feature","properties":{"nom":"Morthomiers","code":"18157","codeDepartement":"18","siren":"211801576","codeEpci":"241800507","codeRegion":"24","codesPostaux":["18570"],"population":845},"geometry":{"type":"Polygon","coordinates":[[[2.24969,47.057899],[2.25018,47.057863],[2.250736,47.057802],[2.253093,47.057564],[2.254407,47.057446],[2.258051,47.057203],[2.265557,47.057542],[2.268749,47.058358],[2.272151,47.058725],[2.272719,47.058604],[2.273095,47.058285],[2.277325,47.059201],[2.279548,47.05988],[2.279838,47.059271],[2.282877,47.059896],[2.282926,47.060059],[2.288023,47.061693],[2.290344,47.062141],[2.29042,47.062064],[2.290646,47.062108],[2.294186,47.062964],[2.294396,47.062819],[2.296189,47.063125],[2.296214,47.062847],[2.29972,47.063189],[2.299707,47.063261],[2.300973,47.063282],[2.301302,47.063343],[2.300538,47.060561],[2.300594,47.060104],[2.300464,47.059572],[2.300453,47.059301],[2.30055,47.058642],[2.300788,47.057765],[2.301197,47.056387],[2.301907,47.054655],[2.30115,47.054111],[2.299972,47.053576],[2.299837,47.053271],[2.299804,47.052641],[2.299571,47.051877],[2.299396,47.051384],[2.298923,47.050357],[2.298603,47.049866],[2.298453,47.049418],[2.298222,47.048789],[2.297952,47.048097],[2.29748,47.047488],[2.298459,47.046969],[2.298359,47.046883],[2.299321,47.042546],[2.300133,47.040247],[2.299688,47.040074],[2.299518,47.039983],[2.299614,47.03957],[2.299079,47.039162],[2.298881,47.039323],[2.297635,47.038103],[2.297361,47.037319],[2.297121,47.036185],[2.297081,47.035141],[2.297844,47.035172],[2.296537,47.034331],[2.296157,47.034161],[2.295258,47.033586],[2.294263,47.03299],[2.292077,47.031966],[2.291656,47.031809],[2.291128,47.03154],[2.287724,47.029878],[2.286663,47.029453],[2.28549,47.029009],[2.28492,47.028806],[2.28393,47.0284],[2.282648,47.027928],[2.282258,47.027776],[2.281926,47.027606],[2.281378,47.027411],[2.280603,47.027093],[2.279476,47.026682],[2.27662,47.025722],[2.275062,47.025119],[2.273745,47.024566],[2.272976,47.024203],[2.271177,47.023202],[2.270888,47.023011],[2.270126,47.022587],[2.267938,47.021133],[2.26765,47.020913],[2.263201,47.018107],[2.258447,47.023206],[2.257094,47.024684],[2.257127,47.024682],[2.254611,47.027355],[2.254354,47.032217],[2.248178,47.036115],[2.248041,47.036618],[2.2479,47.037067],[2.247966,47.037084],[2.245004,47.041613],[2.244988,47.041588],[2.243338,47.044905],[2.242517,47.045071],[2.241729,47.045263],[2.241612,47.045275],[2.241291,47.045094],[2.240644,47.044881],[2.240247,47.044803],[2.239997,47.044814],[2.239794,47.04499],[2.239611,47.045092],[2.239256,47.045335],[2.239121,47.045454],[2.239027,47.045733],[2.239277,47.04615],[2.239807,47.047076],[2.241425,47.050738],[2.243169,47.054434],[2.244507,47.057412],[2.244976,47.057487],[2.245517,47.057512],[2.245931,47.057608],[2.24675,47.05769],[2.248265,47.057819],[2.249376,47.057901],[2.24969,47.057899]]]}},{"type":"Feature","properties":{"nom":"Plaimpied-Givaudins","code":"18180","codeDepartement":"18","siren":"211801808","codeEpci":"241800507","codeRegion":"24","codesPostaux":["18340"],"population":2101},"geometry":{"type":"Polygon","coordinates":[[[2.470786,46.974891],[2.468879,46.974579],[2.466119,46.974583],[2.45869,46.973466],[2.455734,46.973424],[2.452251,46.973562],[2.451133,46.973383],[2.449228,46.973386],[2.447387,46.973073],[2.446467,46.972984],[2.444299,46.97366],[2.443631,46.973753],[2.44354,46.973722],[2.441458,46.973633],[2.438252,46.973518],[2.437359,46.973495],[2.437029,46.973477],[2.436386,46.973401],[2.427871,46.973945],[2.425703,46.974081],[2.425704,46.975295],[2.425246,46.976157],[2.425453,46.976259],[2.427301,46.977416],[2.427393,46.977503],[2.42872,46.978308],[2.430966,46.979687],[2.431487,46.980138],[2.430856,46.980095],[2.432019,46.981982],[2.429307,46.982568],[2.428697,46.982586],[2.42703,46.982548],[2.423902,46.982529],[2.42293,46.982016],[2.421156,46.981131],[2.420468,46.982257],[2.419294,46.983965],[2.416653,46.983561],[2.416097,46.983511],[2.415596,46.983499],[2.415164,46.983525],[2.414851,46.983602],[2.414679,46.983872],[2.414103,46.984646],[2.414144,46.984771],[2.414156,46.985059],[2.413841,46.985186],[2.413425,46.98586],[2.41321,46.986337],[2.413212,46.987588],[2.413341,46.987985],[2.413409,46.988264],[2.413225,46.98901],[2.413371,46.990369],[2.411689,46.990071],[2.410755,46.990062],[2.409227,46.989924],[2.40838,46.989816],[2.408057,46.989743],[2.406869,46.989438],[2.405575,46.989148],[2.403402,46.988544],[2.402525,46.988319],[2.401574,46.988053],[2.400553,46.987809],[2.399944,46.987718],[2.399033,46.987615],[2.397641,46.987294],[2.396673,46.987321],[2.396651,46.987231],[2.396392,46.987059],[2.396168,46.987113],[2.395396,46.987094],[2.394835,46.99142],[2.39382,46.999371],[2.394719,46.999471],[2.396357,46.999626],[2.396569,47.003226],[2.396289,47.004992],[2.396255,47.005351],[2.39637,47.007079],[2.39644,47.007619],[2.395563,47.009059],[2.395507,47.009239],[2.395588,47.009297],[2.395977,47.009387],[2.396038,47.009441],[2.39608,47.009634],[2.396067,47.010163],[2.396009,47.010377],[2.395852,47.010666],[2.39562,47.010919],[2.395474,47.011149],[2.395354,47.011261],[2.395045,47.011825],[2.394777,47.012028],[2.394641,47.012166],[2.394382,47.012501],[2.394133,47.012884],[2.393811,47.013193],[2.393482,47.013879],[2.393396,47.014127],[2.393405,47.014269],[2.393355,47.014415],[2.393492,47.015302],[2.392736,47.017095],[2.391972,47.018794],[2.391598,47.019595],[2.392154,47.019775],[2.392144,47.020141],[2.392197,47.0204],[2.392418,47.02072],[2.392631,47.020838],[2.392448,47.020956],[2.393185,47.021467],[2.39321,47.021316],[2.393987,47.021802],[2.394302,47.021776],[2.394566,47.022299],[2.394884,47.023702],[2.395008,47.024216],[2.391381,47.024032],[2.391513,47.029838],[2.391643,47.029848],[2.390317,47.034203],[2.390606,47.034239],[2.390026,47.035428],[2.390224,47.036337],[2.389671,47.038523],[2.39645,47.043375],[2.400031,47.04594],[2.4011,47.046122],[2.402043,47.04662],[2.401495,47.046984],[2.400812,47.047329],[2.401889,47.04805],[2.400915,47.048769],[2.402875,47.04942],[2.403269,47.049303],[2.403822,47.05024],[2.404349,47.050042],[2.404531,47.050196],[2.405566,47.049521],[2.406149,47.049495],[2.406544,47.049387],[2.40686,47.049145],[2.408484,47.049169],[2.408648,47.049138],[2.408639,47.04885],[2.40841,47.048264],[2.408397,47.047328],[2.408791,47.046779],[2.40887,47.046248],[2.409226,47.045976],[2.409668,47.045921],[2.409993,47.045729],[2.410515,47.045706],[2.410688,47.045731],[2.411001,47.04572],[2.411628,47.04557],[2.412276,47.045576],[2.412683,47.045316],[2.413111,47.045124],[2.413394,47.045023],[2.41351,47.045013],[2.413759,47.044822],[2.415028,47.044207],[2.415339,47.044163],[2.41554,47.044106],[2.416484,47.043742],[2.418068,47.042929],[2.41837,47.042798],[2.418876,47.042891],[2.419122,47.042494],[2.420542,47.041814],[2.420866,47.041725],[2.421312,47.041652],[2.421676,47.041542],[2.422164,47.041432],[2.423013,47.041146],[2.423459,47.040887],[2.42372,47.040768],[2.424028,47.04058],[2.424418,47.040489],[2.424685,47.04039],[2.424966,47.040235],[2.424689,47.039787],[2.425986,47.039269],[2.429337,47.038333],[2.428988,47.037742],[2.428953,47.03742],[2.429952,47.036769],[2.430515,47.036445],[2.432216,47.035603],[2.432393,47.035661],[2.43248,47.035783],[2.432651,47.035802],[2.433094,47.035624],[2.433447,47.035514],[2.43378,47.03545],[2.434088,47.035158],[2.434202,47.035119],[2.434409,47.035192],[2.434654,47.03517],[2.434973,47.035175],[2.435757,47.03496],[2.436157,47.034892],[2.436352,47.034747],[2.436826,47.034544],[2.437279,47.034674],[2.437699,47.034655],[2.438266,47.034561],[2.438946,47.034398],[2.439137,47.034374],[2.439378,47.034189],[2.43896,47.033719],[2.439496,47.033589],[2.439769,47.033548],[2.440123,47.033582],[2.44173,47.033287],[2.442625,47.033398],[2.44447,47.033666],[2.444753,47.034051],[2.446755,47.033326],[2.449077,47.03168],[2.44929,47.031456],[2.449683,47.02803],[2.449344,47.027179],[2.449152,47.027018],[2.449139,47.026497],[2.449205,47.026239],[2.449229,47.025979],[2.449192,47.025763],[2.448931,47.025398],[2.448849,47.025167],[2.448521,47.024926],[2.448439,47.024803],[2.448426,47.024669],[2.448519,47.024371],[2.448644,47.023772],[2.44872,47.023582],[2.448688,47.023407],[2.448409,47.023187],[2.448334,47.022975],[2.448498,47.022346],[2.448595,47.022061],[2.448669,47.021754],[2.44901,47.021403],[2.449222,47.020986],[2.449322,47.020489],[2.44943,47.020335],[2.449643,47.020137],[2.450305,47.019771],[2.450572,47.019648],[2.450988,47.019493],[2.451608,47.019295],[2.451831,47.019171],[2.451959,47.019054],[2.452669,47.018483],[2.452732,47.018359],[2.452926,47.018414],[2.453202,47.018416],[2.454794,47.018302],[2.456348,47.018205],[2.456538,47.018154],[2.457084,47.018833],[2.456788,47.018933],[2.455621,47.019247],[2.454511,47.019537],[2.453756,47.019828],[2.453435,47.019923],[2.453199,47.020092],[2.453131,47.020186],[2.453656,47.020339],[2.456736,47.021112],[2.460095,47.021928],[2.462224,47.022452],[2.469209,47.01719],[2.472408,47.014782],[2.473427,47.016136],[2.474348,47.017415],[2.474746,47.017997],[2.47528,47.018718],[2.476317,47.020157],[2.47722,47.01948],[2.478762,47.018338],[2.481207,47.016511],[2.483642,47.014703],[2.485282,47.01348],[2.485714,47.013752],[2.4863,47.014145],[2.486852,47.014498],[2.487699,47.015071],[2.488531,47.015697],[2.488794,47.015939],[2.497781,47.009901],[2.497969,47.009634],[2.498833,47.008599],[2.499341,47.008197],[2.500186,47.007512],[2.500342,47.007385],[2.496615,47.005035],[2.496384,47.005208],[2.488966,47.000597],[2.488212,47.000056],[2.489384,46.999642],[2.488898,46.999433],[2.488187,46.999085],[2.48673,46.998358],[2.485615,46.99789],[2.484737,46.997546],[2.48437,46.997456],[2.483663,46.997236],[2.48287,46.997037],[2.48221,46.99689],[2.481786,46.996829],[2.481066,46.996675],[2.480842,46.996561],[2.480675,46.996415],[2.48066,46.996345],[2.480783,46.996127],[2.479537,46.995479],[2.479665,46.995298],[2.479399,46.995146],[2.479605,46.99465],[2.479454,46.994346],[2.479846,46.993827],[2.480334,46.993038],[2.481272,46.991604],[2.477226,46.986067],[2.475901,46.98425],[2.475643,46.983802],[2.475854,46.9838],[2.475457,46.982147],[2.474541,46.980074],[2.474413,46.979863],[2.473952,46.979476],[2.474149,46.979296],[2.47487,46.978711],[2.47487,46.978575],[2.471843,46.97723],[2.470922,46.976511],[2.469933,46.975387],[2.470721,46.974982],[2.470786,46.974891]]]}},{"type":"Feature","properties":{"nom":"Saint-Doulchard","code":"18205","codeDepartement":"18","siren":"211802053","codeEpci":"241800507","codeRegion":"24","codesPostaux":["18230"],"population":9647},"geometry":{"type":"Polygon","coordinates":[[[2.328886,47.088887],[2.328691,47.088531],[2.328558,47.08846],[2.328215,47.088417],[2.328057,47.088428],[2.327862,47.088645],[2.327674,47.088784],[2.327541,47.089133],[2.327411,47.089278],[2.327124,47.089433],[2.326927,47.089478],[2.326794,47.089371],[2.326686,47.089156],[2.326654,47.088697],[2.326688,47.088409],[2.326552,47.088049],[2.326431,47.08787],[2.326476,47.087482],[2.326436,47.087365],[2.326197,47.087259],[2.325883,47.087315],[2.325739,47.087388],[2.325584,47.087586],[2.325454,47.087686],[2.325286,47.08794],[2.32505,47.088004],[2.324802,47.088222],[2.324688,47.088475],[2.324768,47.088546],[2.325007,47.088617],[2.325439,47.088605],[2.325745,47.088729],[2.325812,47.088846],[2.325802,47.089009],[2.325592,47.089154],[2.325317,47.089147],[2.324634,47.089259],[2.324411,47.08934],[2.323962,47.089235],[2.323687,47.0893],[2.323562,47.089482],[2.323751,47.089984],[2.323635,47.090137],[2.323469,47.090462],[2.323398,47.090912],[2.323283,47.091147],[2.323087,47.091283],[2.32276,47.091429],[2.322418,47.091459],[2.322078,47.091613],[2.321814,47.09157],[2.321442,47.091438],[2.321335,47.09125],[2.321122,47.091054],[2.320831,47.091002],[2.320659,47.091013],[2.320411,47.091086],[2.319913,47.091277],[2.319903,47.091484],[2.319971,47.091583],[2.320331,47.091896],[2.320846,47.091992],[2.321174,47.091908],[2.321461,47.091746],[2.32185,47.092173],[2.32204,47.092495],[2.322001,47.092612],[2.321793,47.092812],[2.321598,47.092912],[2.321151,47.092996],[2.320624,47.092991],[2.320399,47.092965],[2.320148,47.092877],[2.319724,47.092646],[2.319178,47.092318],[2.319019,47.092237],[2.318702,47.092176],[2.318506,47.09225],[2.318524,47.092574],[2.318645,47.092717],[2.319308,47.093116],[2.319389,47.093197],[2.319781,47.093851],[2.319721,47.09422],[2.319603,47.094292],[2.319445,47.094293],[2.319223,47.094349],[2.319468,47.094516],[2.320523,47.095285],[2.319294,47.09549],[2.318546,47.09573],[2.317997,47.095976],[2.319351,47.097045],[2.321864,47.097253],[2.328869,47.101493],[2.331518,47.104081],[2.329358,47.105813],[2.329764,47.105963],[2.330293,47.1061],[2.331358,47.106274],[2.33158,47.106542],[2.331919,47.106759],[2.332664,47.10719],[2.333025,47.10742],[2.333324,47.107743],[2.33333,47.107902],[2.333558,47.108053],[2.33355,47.108196],[2.333702,47.108358],[2.333626,47.10845],[2.333653,47.108554],[2.333829,47.108612],[2.333912,47.108717],[2.333893,47.108892],[2.333959,47.108993],[2.334159,47.109058],[2.334263,47.109138],[2.334308,47.10956],[2.334279,47.110121],[2.334269,47.110789],[2.328797,47.112031],[2.329225,47.112469],[2.330031,47.114396],[2.330059,47.114601],[2.330219,47.115343],[2.330401,47.116013],[2.330464,47.116331],[2.330473,47.116715],[2.330315,47.116967],[2.330039,47.117724],[2.330102,47.117919],[2.330102,47.118136],[2.330033,47.118599],[2.330102,47.118877],[2.330706,47.119819],[2.330975,47.120315],[2.331346,47.121081],[2.33176,47.122018],[2.331169,47.122392],[2.330393,47.122946],[2.330304,47.123097],[2.330289,47.123239],[2.330196,47.123485],[2.330151,47.123828],[2.330008,47.124606],[2.3298,47.125228],[2.329795,47.125296],[2.329432,47.127862],[2.329429,47.127986],[2.329266,47.128465],[2.329193,47.128934],[2.328921,47.130144],[2.328744,47.130778],[2.328707,47.131099],[2.328727,47.131363],[2.328656,47.132221],[2.328599,47.133057],[2.328544,47.133482],[2.328434,47.134604],[2.329861,47.136226],[2.330149,47.136749],[2.330147,47.13701],[2.329788,47.137494],[2.329516,47.137521],[2.330597,47.138165],[2.330826,47.138311],[2.331238,47.138611],[2.33146,47.138432],[2.331751,47.138304],[2.332124,47.138254],[2.332925,47.138198],[2.33342,47.138175],[2.334057,47.137753],[2.334393,47.13748],[2.334846,47.137071],[2.335258,47.136722],[2.336607,47.137149],[2.336716,47.137148],[2.337197,47.137295],[2.337618,47.137395],[2.338048,47.137466],[2.338331,47.137533],[2.338804,47.137726],[2.343743,47.137451],[2.348553,47.136879],[2.348687,47.137105],[2.349068,47.137399],[2.349586,47.137514],[2.350621,47.137367],[2.350782,47.137353],[2.35168,47.137332],[2.352037,47.137348],[2.352468,47.137309],[2.361899,47.137157],[2.365265,47.136567],[2.372118,47.133336],[2.372644,47.133025],[2.37601,47.132539],[2.379569,47.133632],[2.379919,47.133261],[2.380598,47.132474],[2.381089,47.131789],[2.381497,47.131268],[2.381859,47.13091],[2.382257,47.1306],[2.382681,47.130312],[2.383766,47.129551],[2.383874,47.129399],[2.384434,47.128223],[2.384525,47.127909],[2.384627,47.127428],[2.384808,47.126902],[2.385101,47.126429],[2.385285,47.126217],[2.385675,47.12584],[2.38601,47.125481],[2.386148,47.125296],[2.386422,47.125107],[2.386217,47.125055],[2.38601,47.124949],[2.385452,47.124605],[2.385017,47.124441],[2.384853,47.12442],[2.384598,47.124184],[2.384399,47.124035],[2.384784,47.123808],[2.384878,47.123659],[2.384964,47.123421],[2.384653,47.123291],[2.38463,47.12317],[2.384861,47.122753],[2.384938,47.122476],[2.385001,47.12177],[2.385068,47.121419],[2.385178,47.12119],[2.385364,47.120961],[2.385633,47.1207],[2.38574,47.120486],[2.385826,47.120222],[2.386029,47.119758],[2.386319,47.119364],[2.386583,47.119102],[2.386992,47.118492],[2.387318,47.118199],[2.387407,47.118056],[2.387394,47.117831],[2.3875,47.117381],[2.387574,47.11726],[2.387585,47.117023],[2.387765,47.11647],[2.388118,47.115807],[2.388212,47.115498],[2.388239,47.114706],[2.388282,47.114384],[2.388392,47.114005],[2.38852,47.113678],[2.388563,47.113356],[2.388474,47.112915],[2.388361,47.112666],[2.387994,47.112249],[2.387923,47.112136],[2.387808,47.111774],[2.38769,47.111613],[2.387808,47.111425],[2.387828,47.111078],[2.387906,47.110628],[2.38794,47.109899],[2.387864,47.109652],[2.387988,47.109394],[2.388117,47.109212],[2.388559,47.108702],[2.389034,47.107978],[2.389392,47.107717],[2.389737,47.107429],[2.389883,47.107201],[2.390116,47.107269],[2.390639,47.107359],[2.391642,47.107281],[2.391829,47.107235],[2.392234,47.106527],[2.392444,47.10612],[2.391835,47.104848],[2.391516,47.10424],[2.391391,47.103856],[2.391485,47.103696],[2.392016,47.103029],[2.392773,47.102102],[2.392555,47.101969],[2.392469,47.10182],[2.392429,47.101477],[2.392097,47.101137],[2.392112,47.100965],[2.392358,47.100768],[2.392373,47.100576],[2.392357,47.099194],[2.392407,47.098965],[2.392528,47.098578],[2.392518,47.098161],[2.392554,47.097923],[2.392806,47.09761],[2.392842,47.097493],[2.392892,47.097044],[2.39279,47.09682],[2.392663,47.096678],[2.392395,47.096529],[2.392402,47.095963],[2.391979,47.095995],[2.391972,47.096179],[2.391588,47.096523],[2.390393,47.096682],[2.38907,47.096566],[2.388446,47.09633],[2.388007,47.094707],[2.38849,47.093631],[2.388684,47.093107],[2.3888,47.092943],[2.388998,47.092565],[2.389182,47.092143],[2.389017,47.092059],[2.388739,47.091566],[2.38847,47.091646],[2.388278,47.091829],[2.388021,47.091851],[2.3877,47.091654],[2.387421,47.091523],[2.387272,47.091413],[2.387169,47.091433],[2.386666,47.091449],[2.386258,47.091343],[2.385916,47.091387],[2.38568,47.091454],[2.385592,47.09178],[2.385514,47.091809],[2.384954,47.091554],[2.383974,47.09158],[2.382299,47.091587],[2.381971,47.091698],[2.381616,47.091691],[2.381469,47.091611],[2.379925,47.091624],[2.37762,47.09167],[2.376621,47.09168],[2.376052,47.091663],[2.375189,47.091609],[2.374133,47.091513],[2.373058,47.091437],[2.372577,47.091393],[2.372219,47.091234],[2.371787,47.091078],[2.371432,47.091061],[2.371193,47.090685],[2.370253,47.090632],[2.370549,47.089262],[2.370643,47.088967],[2.371444,47.088623],[2.372231,47.088624],[2.37377,47.088574],[2.373933,47.088581],[2.374431,47.088103],[2.374186,47.086835],[2.37383,47.086854],[2.372936,47.087036],[2.37221,47.087226],[2.371645,47.087253],[2.371447,47.087173],[2.371065,47.086901],[2.370788,47.086884],[2.370288,47.087046],[2.369721,47.08728],[2.369591,47.087397],[2.36938,47.087514],[2.368762,47.088046],[2.368512,47.088126],[2.368353,47.088126],[2.367918,47.087838],[2.367536,47.087658],[2.367418,47.087659],[2.367339,47.087757],[2.367181,47.0881],[2.367089,47.088181],[2.366891,47.088199],[2.366759,47.088163],[2.366311,47.087902],[2.36581,47.087686],[2.365258,47.087497],[2.36444,47.087397],[2.363583,47.087218],[2.363413,47.087137],[2.363043,47.086741],[2.362898,47.086651],[2.362542,47.086596],[2.362121,47.086596],[2.361858,47.086632],[2.361094,47.086795],[2.360488,47.086957],[2.360317,47.086957],[2.35979,47.08684],[2.3595,47.08684],[2.35896,47.086894],[2.358538,47.086867],[2.358314,47.086768],[2.358209,47.086606],[2.357812,47.086173],[2.357589,47.086084],[2.35693,47.085877],[2.356535,47.085787],[2.356206,47.085669],[2.355809,47.085571],[2.355348,47.085553],[2.355113,47.085633],[2.354335,47.085705],[2.354006,47.085705],[2.353439,47.085679],[2.353149,47.085689],[2.35269,47.085642],[2.352176,47.085616],[2.351871,47.085462],[2.350936,47.085282],[2.350607,47.085246],[2.350079,47.08513],[2.349724,47.084976],[2.349487,47.084841],[2.348986,47.084715],[2.34834,47.084652],[2.347511,47.08467],[2.34663,47.08494],[2.346603,47.085075],[2.346655,47.085218],[2.347025,47.085679],[2.346947,47.085957],[2.346802,47.086012],[2.346301,47.085948],[2.345959,47.085849],[2.345867,47.085733],[2.345865,47.085363],[2.345615,47.085201],[2.344826,47.085003],[2.344654,47.085012],[2.344351,47.085084],[2.344008,47.08521],[2.34385,47.085309],[2.343785,47.085479],[2.34376,47.085695],[2.343535,47.085975],[2.343483,47.086227],[2.34351,47.086506],[2.34359,47.086803],[2.343577,47.087082],[2.343919,47.087172],[2.344262,47.087344],[2.344263,47.087505],[2.344144,47.087623],[2.343947,47.087631],[2.343526,47.087605],[2.343222,47.087433],[2.342577,47.087487],[2.342129,47.08746],[2.341773,47.087469],[2.341326,47.087514],[2.34097,47.087496],[2.340642,47.087397],[2.340508,47.087325],[2.340311,47.087055],[2.34006,47.087001],[2.339623,47.087123],[2.339622,47.087417],[2.339475,47.087644],[2.339324,47.087754],[2.339096,47.087678],[2.339076,47.08755],[2.339323,47.087117],[2.338993,47.087001],[2.338559,47.086874],[2.338216,47.086866],[2.338111,47.086928],[2.338006,47.087405],[2.337757,47.087883],[2.337665,47.087973],[2.337296,47.08817],[2.336834,47.08827],[2.336652,47.088332],[2.336336,47.088504],[2.336071,47.088675],[2.335914,47.088836],[2.335809,47.089016],[2.336178,47.089431],[2.336547,47.089764],[2.33681,47.089809],[2.336982,47.08989],[2.337088,47.090052],[2.337023,47.090368],[2.33682,47.09043],[2.336555,47.090296],[2.336404,47.090183],[2.336251,47.09013],[2.336156,47.089848],[2.335797,47.089763],[2.335605,47.089749],[2.335342,47.0896],[2.335036,47.089564],[2.334917,47.089475],[2.334467,47.089253],[2.334175,47.089156],[2.333858,47.089184],[2.333691,47.089302],[2.333667,47.089455],[2.333778,47.089833],[2.333559,47.090249],[2.333271,47.090332],[2.333033,47.090288],[2.332874,47.090218],[2.332183,47.089726],[2.331853,47.089718],[2.33141,47.089892],[2.331183,47.08985],[2.330678,47.089429],[2.330468,47.089421],[2.330284,47.089549],[2.329694,47.089714],[2.329181,47.089654],[2.328769,47.089476],[2.328621,47.089253],[2.328606,47.089127],[2.328886,47.088887]]]}},{"type":"Feature","properties":{"nom":"Saint-Germain-du-Puy","code":"18213","codeDepartement":"18","siren":"211802137","codeEpci":"241800507","codeRegion":"24","codesPostaux":["18390"],"population":4779},"geometry":{"type":"Polygon","coordinates":[[[2.468872,47.089178],[2.468648,47.089186],[2.468398,47.089071],[2.4682,47.088887],[2.468051,47.088509],[2.467984,47.088048],[2.467669,47.087812],[2.467409,47.087738],[2.466858,47.087859],[2.4667,47.087823],[2.466471,47.087501],[2.466244,47.087417],[2.465781,47.087316],[2.465503,47.087418],[2.465367,47.087371],[2.465281,47.087243],[2.465309,47.087036],[2.465253,47.086996],[2.464974,47.087001],[2.46462,47.087049],[2.464143,47.086827],[2.463864,47.086957],[2.463362,47.087042],[2.463053,47.087019],[2.462694,47.086913],[2.462585,47.086755],[2.462428,47.086657],[2.462091,47.08667],[2.46153,47.08654],[2.461399,47.086578],[2.461334,47.086762],[2.461141,47.086831],[2.460844,47.086818],[2.460529,47.086608],[2.460187,47.086489],[2.459545,47.086333],[2.458386,47.086377],[2.457813,47.086378],[2.45736,47.086664],[2.45708,47.08675],[2.456575,47.086744],[2.456151,47.086761],[2.455466,47.086864],[2.454806,47.086906],[2.454477,47.086961],[2.454252,47.087035],[2.454115,47.087163],[2.453321,47.087787],[2.453068,47.087872],[2.452906,47.087866],[2.452285,47.087765],[2.451953,47.087775],[2.45158,47.087857],[2.4513,47.088047],[2.450919,47.08821],[2.450599,47.088278],[2.450295,47.088252],[2.449996,47.088106],[2.449736,47.088057],[2.448936,47.087818],[2.448285,47.087586],[2.447807,47.08746],[2.447432,47.087399],[2.447107,47.087417],[2.44652,47.087566],[2.446292,47.087588],[2.445349,47.087633],[2.444705,47.087705],[2.444553,47.087694],[2.443787,47.087498],[2.442764,47.087111],[2.442503,47.087062],[2.441847,47.089584],[2.441656,47.090468],[2.441607,47.090629],[2.441621,47.091059],[2.441611,47.091846],[2.441579,47.092401],[2.44128,47.093718],[2.441259,47.094172],[2.441111,47.094815],[2.440971,47.095148],[2.440746,47.095847],[2.440678,47.096135],[2.441319,47.096175],[2.441258,47.096599],[2.441125,47.097661],[2.440971,47.098707],[2.440774,47.100183],[2.43968,47.10019],[2.439521,47.100182],[2.439241,47.100493],[2.439144,47.100518],[2.438506,47.101027],[2.438448,47.101059],[2.436944,47.103534],[2.436532,47.104119],[2.435863,47.105091],[2.435467,47.104943],[2.43536,47.105099],[2.434763,47.106381],[2.434562,47.106383],[2.434484,47.106635],[2.434494,47.106934],[2.434462,47.107061],[2.434636,47.107114],[2.433995,47.108222],[2.433644,47.108767],[2.433155,47.10948],[2.433313,47.109548],[2.434734,47.11011],[2.435222,47.11033],[2.435548,47.110494],[2.436508,47.111016],[2.437494,47.111629],[2.438964,47.112553],[2.440241,47.113361],[2.441638,47.114233],[2.443786,47.115582],[2.444406,47.115963],[2.445144,47.116446],[2.445994,47.116968],[2.446515,47.117231],[2.447182,47.117496],[2.44756,47.117667],[2.448066,47.117958],[2.451005,47.119772],[2.45381,47.121488],[2.454057,47.121664],[2.454251,47.121817],[2.4547,47.122259],[2.455051,47.12263],[2.455166,47.122544],[2.456103,47.121714],[2.456887,47.120962],[2.45782,47.120034],[2.458299,47.119526],[2.459403,47.118438],[2.45969,47.118129],[2.459979,47.117773],[2.460348,47.117353],[2.4612,47.11651],[2.461508,47.116175],[2.461833,47.115776],[2.462042,47.11549],[2.462416,47.115075],[2.462849,47.114496],[2.463852,47.113118],[2.464068,47.11278],[2.464509,47.112154],[2.465311,47.1124],[2.465891,47.112539],[2.466526,47.112629],[2.466877,47.112608],[2.467428,47.112541],[2.467285,47.112976],[2.467291,47.113166],[2.467342,47.113276],[2.467864,47.113796],[2.468807,47.114582],[2.469584,47.115291],[2.470187,47.115796],[2.470506,47.116026],[2.470863,47.116524],[2.472513,47.118989],[2.473501,47.120475],[2.475152,47.122936],[2.475704,47.123793],[2.476945,47.125627],[2.477167,47.125973],[2.477498,47.12615],[2.477716,47.1262],[2.477895,47.126178],[2.478162,47.126067],[2.478689,47.125911],[2.478882,47.125938],[2.479084,47.126116],[2.479253,47.126112],[2.479745,47.12593],[2.479901,47.125927],[2.480775,47.12626],[2.481114,47.126375],[2.481214,47.126449],[2.481637,47.126855],[2.481851,47.127148],[2.482033,47.127344],[2.482153,47.127532],[2.482488,47.128223],[2.482661,47.128521],[2.482634,47.128839],[2.482376,47.129185],[2.482316,47.129337],[2.482449,47.129682],[2.482433,47.129804],[2.482559,47.129944],[2.482561,47.130234],[2.482458,47.130962],[2.482565,47.131357],[2.482742,47.131887],[2.482781,47.132067],[2.482785,47.132427],[2.48274,47.132648],[2.482356,47.133307],[2.481881,47.133963],[2.481832,47.134051],[2.481612,47.134222],[2.481538,47.134407],[2.481501,47.135154],[2.48166,47.135285],[2.483794,47.134948],[2.48448,47.134742],[2.486256,47.134155],[2.486856,47.13392],[2.487604,47.133569],[2.489443,47.132602],[2.490369,47.134176],[2.490466,47.134261],[2.490921,47.13502],[2.491027,47.135237],[2.491212,47.135508],[2.491375,47.135577],[2.491619,47.135368],[2.492002,47.135122],[2.493611,47.134161],[2.494517,47.133613],[2.495241,47.1332],[2.496556,47.132419],[2.498536,47.131231],[2.499813,47.130469],[2.50038,47.130121],[2.500675,47.129979],[2.500809,47.129948],[2.501345,47.129966],[2.501507,47.129925],[2.50239,47.129546],[2.502956,47.129285],[2.503567,47.128987],[2.503801,47.128861],[2.504098,47.128657],[2.504665,47.128211],[2.504928,47.127976],[2.505554,47.12732],[2.506194,47.126789],[2.506953,47.126218],[2.50749,47.125829],[2.508443,47.125157],[2.509919,47.124136],[2.510242,47.123929],[2.511025,47.1235],[2.512264,47.122722],[2.512629,47.122512],[2.513101,47.122196],[2.513402,47.122315],[2.514125,47.121772],[2.514469,47.121737],[2.514625,47.12159],[2.514716,47.121343],[2.515088,47.121257],[2.516531,47.120669],[2.517025,47.120512],[2.518665,47.121642],[2.519788,47.12254],[2.52025,47.122944],[2.520845,47.123393],[2.522168,47.12465],[2.522432,47.12465],[2.523616,47.124063],[2.524207,47.123747],[2.524339,47.123747],[2.525464,47.125004],[2.525662,47.124959],[2.527438,47.124011],[2.530266,47.122613],[2.530133,47.122298],[2.530001,47.122299],[2.529604,47.121805],[2.529406,47.121715],[2.527235,47.122753],[2.526907,47.122753],[2.526707,47.122618],[2.525782,47.121766],[2.525716,47.121496],[2.526043,47.12118],[2.525779,47.120911],[2.522805,47.118217],[2.521481,47.116825],[2.521416,47.11651],[2.521876,47.116239],[2.521875,47.116194],[2.521344,47.115206],[2.520947,47.114711],[2.519628,47.114084],[2.518702,47.113186],[2.518635,47.112961],[2.519294,47.112646],[2.519491,47.11242],[2.519488,47.11197],[2.52008,47.111699],[2.519815,47.11107],[2.519285,47.110351],[2.518889,47.110082],[2.516532,47.10961],[2.51594,47.10946],[2.514364,47.108826],[2.512384,47.108344],[2.510897,47.107883],[2.510084,47.107497],[2.507616,47.106806],[2.506531,47.10651],[2.503042,47.10563],[2.501753,47.105416],[2.502017,47.104246],[2.502281,47.104266],[2.502487,47.103466],[2.502788,47.102495],[2.503197,47.101832],[2.504178,47.100218],[2.504728,47.099692],[2.505015,47.099401],[2.506272,47.098174],[2.507353,47.097093],[2.507489,47.096938],[2.510313,47.094124],[2.508129,47.093795],[2.507502,47.093748],[2.506514,47.09365],[2.505956,47.093567],[2.5057,47.093487],[2.504837,47.093075],[2.504668,47.093013],[2.503959,47.092567],[2.502792,47.091903],[2.500424,47.09049],[2.498722,47.089468],[2.496419,47.087388],[2.495487,47.086553],[2.494937,47.086671],[2.494525,47.086652],[2.494242,47.08656],[2.49382,47.086317],[2.493495,47.08619],[2.491969,47.085975],[2.491593,47.085957],[2.49083,47.08608],[2.490703,47.085742],[2.490731,47.085613],[2.490632,47.085453],[2.490368,47.085296],[2.490132,47.08506],[2.490017,47.084822],[2.489766,47.08486],[2.489432,47.084841],[2.489083,47.084795],[2.488687,47.084836],[2.48834,47.085004],[2.488294,47.085123],[2.487932,47.08564],[2.487489,47.085879],[2.486815,47.086212],[2.486354,47.086534],[2.485844,47.086785],[2.4855,47.086846],[2.485052,47.086823],[2.484753,47.086855],[2.484357,47.087061],[2.48383,47.087297],[2.483608,47.087439],[2.483126,47.087965],[2.482781,47.088204],[2.482456,47.088466],[2.482048,47.088624],[2.481927,47.08886],[2.481749,47.088932],[2.481449,47.088987],[2.480903,47.089146],[2.48031,47.089405],[2.479892,47.089561],[2.479242,47.089863],[2.47912,47.089891],[2.478275,47.089797],[2.477785,47.089974],[2.477488,47.090029],[2.477198,47.089905],[2.476792,47.089889],[2.4766,47.089831],[2.476014,47.089546],[2.475824,47.089479],[2.475348,47.089583],[2.474822,47.089621],[2.473925,47.089584],[2.473062,47.089579],[2.471547,47.089581],[2.471112,47.089597],[2.470866,47.089647],[2.470299,47.08964],[2.470214,47.089619],[2.469757,47.089344],[2.46951,47.08932],[2.469356,47.089242],[2.469036,47.089172],[2.468872,47.089178]]]}},{"type":"Feature","properties":{"nom":"Saint-Just","code":"18218","codeDepartement":"18","siren":"211802186","codeEpci":"241800507","codeRegion":"24","codesPostaux":["18340"],"population":656},"geometry":{"type":"Polygon","coordinates":[[[2.522531,46.978219],[2.521713,46.978151],[2.521833,46.977893],[2.521004,46.977845],[2.520775,46.977857],[2.520402,46.977831],[2.520335,46.977802],[2.519685,46.977707],[2.518674,46.977636],[2.517521,46.977707],[2.516531,46.977237],[2.514748,46.975766],[2.514285,46.975581],[2.513671,46.97515],[2.513327,46.974927],[2.512597,46.974526],[2.511923,46.974062],[2.511658,46.973622],[2.511064,46.972814],[2.510336,46.971015],[2.509481,46.970882],[2.508756,46.970253],[2.506978,46.968817],[2.506908,46.967692],[2.506777,46.967628],[2.506404,46.968097],[2.505466,46.969332],[2.498298,46.96712],[2.496355,46.966471],[2.49457,46.965124],[2.491473,46.964002],[2.487144,46.962942],[2.487069,46.962742],[2.486787,46.962682],[2.486131,46.962728],[2.485729,46.962592],[2.485444,46.962646],[2.485297,46.963123],[2.485212,46.963881],[2.485451,46.964252],[2.485151,46.964798],[2.482863,46.96912],[2.481484,46.969616],[2.481059,46.969714],[2.480574,46.969054],[2.480119,46.968485],[2.480035,46.968493],[2.475309,46.970119],[2.47498,46.970164],[2.474916,46.970659],[2.474785,46.971243],[2.474527,46.973043],[2.474397,46.973629],[2.474003,46.973854],[2.47361,46.973854],[2.473344,46.97318],[2.473147,46.97327],[2.472624,46.973945],[2.472692,46.974889],[2.472429,46.974935],[2.471509,46.974711],[2.470982,46.974621],[2.470918,46.974847],[2.470786,46.974891],[2.470721,46.974982],[2.469933,46.975387],[2.470922,46.976511],[2.471843,46.97723],[2.47487,46.978575],[2.47487,46.978711],[2.474149,46.979296],[2.473952,46.979476],[2.474413,46.979863],[2.474541,46.980074],[2.475457,46.982147],[2.475854,46.9838],[2.475643,46.983802],[2.475901,46.98425],[2.477226,46.986067],[2.481272,46.991604],[2.480334,46.993038],[2.479846,46.993827],[2.479454,46.994346],[2.479605,46.99465],[2.479399,46.995146],[2.479665,46.995298],[2.479537,46.995479],[2.480783,46.996127],[2.48066,46.996345],[2.480675,46.996415],[2.480842,46.996561],[2.481066,46.996675],[2.481786,46.996829],[2.48221,46.99689],[2.48287,46.997037],[2.483663,46.997236],[2.48437,46.997456],[2.484737,46.997546],[2.485615,46.99789],[2.48673,46.998358],[2.488187,46.999085],[2.488898,46.999433],[2.489384,46.999642],[2.488212,47.000056],[2.488966,47.000597],[2.496384,47.005208],[2.496615,47.005035],[2.500342,47.007385],[2.500186,47.007512],[2.51254,47.011184],[2.516531,47.012372],[2.522049,47.014134],[2.522181,47.014089],[2.524082,47.012556],[2.523884,47.012332],[2.522172,47.01139],[2.522106,47.011255],[2.522368,47.011075],[2.523156,47.010849],[2.524272,47.010307],[2.524337,47.010217],[2.5246,47.010081],[2.525912,47.009225],[2.527028,47.008683],[2.528114,47.007811],[2.528948,47.008276],[2.529461,47.007815],[2.530975,47.006434],[2.53162,47.005527],[2.532145,47.005076],[2.532078,47.004941],[2.521342,46.999697],[2.520815,46.999382],[2.520156,46.999114],[2.520222,46.998889],[2.523696,46.995644],[2.525137,46.994247],[2.527496,46.992084],[2.530509,46.989066],[2.530903,46.988717],[2.529948,46.988328],[2.529121,46.987957],[2.526608,46.986858],[2.526012,46.986582],[2.52511,46.986825],[2.524978,46.986421],[2.523344,46.985437],[2.523126,46.985315],[2.524558,46.984254],[2.524419,46.984205],[2.524018,46.984132],[2.52316,46.983868],[2.522728,46.983644],[2.522275,46.983223],[2.521492,46.982338],[2.520667,46.981328],[2.520347,46.981047],[2.520283,46.980328],[2.520734,46.980047],[2.521013,46.979839],[2.5215,46.979405],[2.521914,46.97907],[2.522096,46.978868],[2.522545,46.978443],[2.522531,46.978219]]]}},{"type":"Feature","properties":{"nom":"Saint-Michel-de-Volangis","code":"18226","codeDepartement":"18","siren":"211802269","codeEpci":"241800507","codeRegion":"24","codesPostaux":["18390"],"population":474},"geometry":{"type":"Polygon","coordinates":[[[2.463572,47.154929],[2.467654,47.157304],[2.471754,47.159676],[2.472046,47.159942],[2.47422,47.16115],[2.476333,47.161912],[2.476926,47.162092],[2.478445,47.16281],[2.480097,47.163887],[2.481947,47.165684],[2.485116,47.16685],[2.489805,47.168822],[2.490663,47.169091],[2.499883,47.164311],[2.50627,47.161468],[2.508773,47.16034],[2.509778,47.159943],[2.515181,47.157449],[2.511114,47.149877],[2.512051,47.147855],[2.513674,47.144085],[2.511887,47.139051],[2.511184,47.138256],[2.510705,47.137697],[2.507691,47.132954],[2.507227,47.132559],[2.506707,47.132096],[2.506089,47.13145],[2.505545,47.12967],[2.503567,47.128987],[2.502956,47.129285],[2.50239,47.129546],[2.501507,47.129925],[2.501345,47.129966],[2.500809,47.129948],[2.500675,47.129979],[2.50038,47.130121],[2.499813,47.130469],[2.498536,47.131231],[2.496556,47.132419],[2.495241,47.1332],[2.494517,47.133613],[2.493611,47.134161],[2.492002,47.135122],[2.491619,47.135368],[2.491375,47.135577],[2.491212,47.135508],[2.491027,47.135237],[2.490921,47.13502],[2.490466,47.134261],[2.490369,47.134176],[2.489443,47.132602],[2.487604,47.133569],[2.486856,47.13392],[2.486256,47.134155],[2.48448,47.134742],[2.483794,47.134948],[2.48166,47.135285],[2.481501,47.135154],[2.481538,47.134407],[2.481612,47.134222],[2.481832,47.134051],[2.481881,47.133963],[2.482356,47.133307],[2.48274,47.132648],[2.482785,47.132427],[2.482781,47.132067],[2.482742,47.131887],[2.482565,47.131357],[2.482458,47.130962],[2.482561,47.130234],[2.482559,47.129944],[2.482433,47.129804],[2.482449,47.129682],[2.482316,47.129337],[2.482376,47.129185],[2.482634,47.128839],[2.482661,47.128521],[2.482488,47.128223],[2.482153,47.127532],[2.482033,47.127344],[2.481851,47.127148],[2.481637,47.126855],[2.481214,47.126449],[2.481114,47.126375],[2.480775,47.12626],[2.479901,47.125927],[2.479745,47.12593],[2.479253,47.126112],[2.479084,47.126116],[2.478882,47.125938],[2.478689,47.125911],[2.478162,47.126067],[2.477895,47.126178],[2.477716,47.1262],[2.477498,47.12615],[2.477167,47.125973],[2.476945,47.125627],[2.475704,47.123793],[2.475152,47.122936],[2.473501,47.120475],[2.472513,47.118989],[2.470863,47.116524],[2.470506,47.116026],[2.470187,47.115796],[2.469584,47.115291],[2.468807,47.114582],[2.467864,47.113796],[2.467342,47.113276],[2.467291,47.113166],[2.467285,47.112976],[2.467428,47.112541],[2.466877,47.112608],[2.466526,47.112629],[2.465891,47.112539],[2.465311,47.1124],[2.464509,47.112154],[2.464068,47.11278],[2.463852,47.113118],[2.462849,47.114496],[2.462416,47.115075],[2.462042,47.11549],[2.461833,47.115776],[2.461508,47.116175],[2.4612,47.11651],[2.460348,47.117353],[2.459979,47.117773],[2.45969,47.118129],[2.459403,47.118438],[2.458299,47.119526],[2.45782,47.120034],[2.456887,47.120962],[2.456103,47.121714],[2.455166,47.122544],[2.455051,47.12263],[2.4547,47.122259],[2.454251,47.121817],[2.454057,47.121664],[2.453797,47.121947],[2.453073,47.12247],[2.452793,47.122689],[2.452477,47.122981],[2.45196,47.123397],[2.45143,47.12375],[2.451145,47.123959],[2.450611,47.124383],[2.450124,47.124652],[2.448939,47.125097],[2.447938,47.125451],[2.447746,47.125534],[2.447555,47.125593],[2.447972,47.12729],[2.448041,47.12762],[2.448138,47.127954],[2.448345,47.128423],[2.448852,47.129499],[2.449079,47.129998],[2.449287,47.130407],[2.447289,47.131014],[2.447906,47.131616],[2.448991,47.132635],[2.449227,47.132878],[2.449853,47.133605],[2.4504,47.134435],[2.450669,47.134734],[2.451289,47.135202],[2.45171,47.135582],[2.45234,47.136303],[2.453118,47.137308],[2.452837,47.137648],[2.452613,47.138122],[2.452634,47.138272],[2.452474,47.138375],[2.452196,47.138814],[2.451306,47.139697],[2.451128,47.139833],[2.449323,47.141674],[2.448707,47.142215],[2.448168,47.142503],[2.44869,47.142938],[2.449068,47.143293],[2.449448,47.143686],[2.449776,47.143987],[2.44991,47.144078],[2.451484,47.144578],[2.452078,47.144458],[2.453215,47.144122],[2.453838,47.143924],[2.454287,47.144464],[2.454707,47.144944],[2.454974,47.145289],[2.455277,47.145731],[2.45574,47.146374],[2.455892,47.146635],[2.456028,47.14699],[2.461024,47.148767],[2.466021,47.150542],[2.466823,47.153366],[2.466867,47.153465],[2.466552,47.153719],[2.466053,47.153961],[2.464734,47.154556],[2.464406,47.154682],[2.463572,47.154929]]]}},{"type":"Feature","properties":{"nom":"Le Subdray","code":"18255","codeDepartement":"18","siren":"211802558","codeEpci":"241800507","codeRegion":"24","codesPostaux":["18570"],"population":967},"geometry":{"type":"Polygon","coordinates":[[[2.332939,47.003142],[2.332285,47.003106],[2.327173,47.002585],[2.324239,47.002297],[2.320585,47.00224],[2.320796,47.000401],[2.321924,46.998629],[2.32297,46.998031],[2.323475,46.997337],[2.325158,46.996133],[2.326378,46.994742],[2.321893,46.992942],[2.320769,46.992317],[2.320423,46.991949],[2.320224,46.991725],[2.319152,46.991027],[2.315798,46.989255],[2.315572,46.989054],[2.315028,46.988687],[2.314629,46.988464],[2.314091,46.98813],[2.313704,46.987857],[2.313243,46.987559],[2.312813,46.987229],[2.312403,46.986867],[2.312243,46.986664],[2.312244,46.986603],[2.311546,46.986542],[2.31053,46.986471],[2.310182,46.986474],[2.308702,46.986549],[2.307818,46.986629],[2.307381,46.986703],[2.306353,46.986903],[2.305925,46.986974],[2.304727,46.987027],[2.303382,46.987116],[2.302948,46.987125],[2.301479,46.987015],[2.299296,46.986831],[2.298463,46.98675],[2.29788,46.986762],[2.297735,46.986824],[2.297333,46.986929],[2.296512,46.987109],[2.295804,46.98722],[2.295003,46.987314],[2.294229,46.987352],[2.294006,46.987335],[2.293849,46.987445],[2.293577,46.987945],[2.293299,46.98893],[2.293224,46.989263],[2.293862,46.989288],[2.294471,46.989373],[2.296698,46.989875],[2.296311,46.992159],[2.296478,46.994481],[2.29608,46.995354],[2.295659,46.995329],[2.294794,46.995503],[2.293285,46.995743],[2.292364,46.995861],[2.292231,46.997115],[2.292244,46.997705],[2.292293,46.998183],[2.292351,46.998315],[2.292437,46.998697],[2.292525,46.999242],[2.292618,46.999688],[2.292697,47.000226],[2.291869,47.000239],[2.291679,47.000735],[2.290435,47.001959],[2.289698,47.002625],[2.288952,47.003535],[2.289229,47.003836],[2.289476,47.004272],[2.289673,47.00451],[2.28993,47.004774],[2.289538,47.004991],[2.288673,47.005518],[2.288417,47.00585],[2.288352,47.006025],[2.288337,47.006444],[2.288384,47.006798],[2.288439,47.006926],[2.28869,47.007352],[2.288952,47.007701],[2.289141,47.007891],[2.28928,47.007964],[2.290627,47.008193],[2.290354,47.009195],[2.290197,47.009831],[2.289891,47.010264],[2.289722,47.010724],[2.289572,47.011007],[2.289317,47.011196],[2.288826,47.011422],[2.288379,47.011679],[2.288218,47.011859],[2.288104,47.012052],[2.288091,47.012315],[2.288211,47.012494],[2.288741,47.012917],[2.289024,47.013111],[2.288726,47.013304],[2.288147,47.013545],[2.287255,47.01376],[2.286394,47.013992],[2.285942,47.014158],[2.28496,47.014662],[2.283666,47.015351],[2.283267,47.01555],[2.281879,47.014592],[2.281268,47.014147],[2.280531,47.013631],[2.279977,47.013862],[2.27826,47.014842],[2.277402,47.015339],[2.276132,47.016046],[2.275222,47.016563],[2.274347,47.017075],[2.273379,47.017615],[2.272609,47.018066],[2.270862,47.019061],[2.27034,47.019373],[2.270041,47.019577],[2.269206,47.020026],[2.268286,47.020562],[2.26765,47.020913],[2.267938,47.021133],[2.270126,47.022587],[2.270888,47.023011],[2.271177,47.023202],[2.272976,47.024203],[2.273745,47.024566],[2.275062,47.025119],[2.27662,47.025722],[2.279476,47.026682],[2.280603,47.027093],[2.281378,47.027411],[2.281926,47.027606],[2.282258,47.027776],[2.282648,47.027928],[2.28393,47.0284],[2.28492,47.028806],[2.28549,47.029009],[2.286663,47.029453],[2.287724,47.029878],[2.291128,47.03154],[2.291656,47.031809],[2.292077,47.031966],[2.294263,47.03299],[2.295258,47.033586],[2.296157,47.034161],[2.296537,47.034331],[2.297844,47.035172],[2.301305,47.037434],[2.303947,47.039158],[2.305645,47.040238],[2.305883,47.040403],[2.307394,47.041401],[2.309756,47.042566],[2.310296,47.042825],[2.310533,47.042918],[2.311345,47.04329],[2.312881,47.04395],[2.313306,47.044122],[2.314567,47.044565],[2.315291,47.04477],[2.316416,47.045143],[2.317333,47.045535],[2.318168,47.045952],[2.320778,47.047364],[2.322057,47.048093],[2.322524,47.048366],[2.322815,47.048513],[2.323746,47.048895],[2.324496,47.049317],[2.324937,47.049543],[2.325969,47.049951],[2.326358,47.050064],[2.32672,47.050205],[2.327816,47.050664],[2.32865,47.050965],[2.329092,47.050495],[2.329464,47.05005],[2.330088,47.049391],[2.330378,47.048929],[2.331009,47.048007],[2.331297,47.047635],[2.332137,47.046695],[2.332427,47.046356],[2.333072,47.045569],[2.333321,47.045208],[2.333905,47.044399],[2.334107,47.044281],[2.334384,47.043836],[2.334895,47.043175],[2.335302,47.042609],[2.33557,47.042196],[2.335821,47.041709],[2.336064,47.041017],[2.336334,47.040353],[2.336469,47.040085],[2.336679,47.039584],[2.336794,47.039355],[2.33713,47.038784],[2.337413,47.038357],[2.337951,47.037595],[2.338079,47.037318],[2.338096,47.037149],[2.337999,47.036696],[2.338007,47.036546],[2.338286,47.035637],[2.338942,47.033456],[2.33926,47.03243],[2.339445,47.031792],[2.339882,47.030355],[2.339036,47.029983],[2.340172,47.028615],[2.337132,47.025125],[2.335839,47.0235],[2.33467,47.02112],[2.332508,47.017998],[2.331922,47.017317],[2.331538,47.016913],[2.330967,47.016448],[2.329892,47.015435],[2.329227,47.014727],[2.328227,47.013398],[2.328,47.013058],[2.326961,47.010414],[2.327574,47.01035],[2.328014,47.010319],[2.329462,47.010272],[2.329466,47.010203],[2.329861,47.008584],[2.330048,47.007915],[2.330203,47.007621],[2.330468,47.007266],[2.330939,47.006672],[2.331761,47.005748],[2.332196,47.005289],[2.332579,47.004975],[2.332721,47.004818],[2.332795,47.004644],[2.332861,47.004313],[2.332896,47.003908],[2.332939,47.003142]]]}},{"type":"Feature","properties":{"nom":"Trouy","code":"18267","codeDepartement":"18","siren":"211802673","codeEpci":"241800507","codeRegion":"24","codesPostaux":["18570"],"population":4055},"geometry":{"type":"Polygon","coordinates":[[[2.332939,47.003142],[2.332896,47.003908],[2.332861,47.004313],[2.332795,47.004644],[2.332721,47.004818],[2.332579,47.004975],[2.332196,47.005289],[2.331761,47.005748],[2.330939,47.006672],[2.330468,47.007266],[2.330203,47.007621],[2.330048,47.007915],[2.329861,47.008584],[2.329466,47.010203],[2.329462,47.010272],[2.328014,47.010319],[2.327574,47.01035],[2.326961,47.010414],[2.328,47.013058],[2.328227,47.013398],[2.329227,47.014727],[2.329892,47.015435],[2.330967,47.016448],[2.331538,47.016913],[2.331922,47.017317],[2.332508,47.017998],[2.33467,47.02112],[2.335839,47.0235],[2.337132,47.025125],[2.340172,47.028615],[2.339036,47.029983],[2.339882,47.030355],[2.340424,47.030949],[2.341753,47.03208],[2.343209,47.033282],[2.344304,47.034205],[2.344906,47.03473],[2.346109,47.035752],[2.349593,47.03408],[2.349904,47.033753],[2.350123,47.033391],[2.350119,47.033103],[2.350049,47.032869],[2.349832,47.032502],[2.349561,47.031928],[2.353326,47.029586],[2.353794,47.030007],[2.35782,47.028439],[2.358144,47.028157],[2.358739,47.029562],[2.359369,47.031169],[2.359695,47.031949],[2.359889,47.032361],[2.360299,47.033318],[2.360788,47.034401],[2.361166,47.035301],[2.361577,47.036044],[2.362141,47.036964],[2.362696,47.037709],[2.363471,47.038406],[2.364594,47.039437],[2.365498,47.040294],[2.366091,47.040831],[2.367014,47.041715],[2.36718,47.0419],[2.367272,47.042099],[2.367558,47.042955],[2.367974,47.044277],[2.368321,47.045446],[2.368856,47.047465],[2.369074,47.048138],[2.369039,47.048308],[2.36917,47.048396],[2.369351,47.048698],[2.370243,47.050406],[2.370639,47.051073],[2.370882,47.051408],[2.371418,47.052298],[2.372327,47.053739],[2.372646,47.054205],[2.373568,47.0557],[2.37396,47.05635],[2.374243,47.056774],[2.3745,47.057093],[2.37543,47.058706],[2.375497,47.058778],[2.375844,47.059361],[2.377704,47.062697],[2.383093,47.063154],[2.384378,47.063232],[2.384594,47.063269],[2.385266,47.063313],[2.385983,47.063247],[2.386292,47.063206],[2.38615,47.062674],[2.385961,47.062028],[2.385903,47.06139],[2.385908,47.061041],[2.386137,47.059203],[2.386337,47.057931],[2.386474,47.056798],[2.386565,47.055895],[2.386883,47.053394],[2.387038,47.052136],[2.38737,47.049554],[2.387768,47.046431],[2.388029,47.04647],[2.388711,47.043161],[2.389671,47.038523],[2.390224,47.036337],[2.390026,47.035428],[2.390606,47.034239],[2.390317,47.034203],[2.391643,47.029848],[2.391513,47.029838],[2.391381,47.024032],[2.395008,47.024216],[2.394884,47.023702],[2.394566,47.022299],[2.394302,47.021776],[2.393987,47.021802],[2.39321,47.021316],[2.393185,47.021467],[2.392448,47.020956],[2.392631,47.020838],[2.392418,47.02072],[2.392197,47.0204],[2.392144,47.020141],[2.392154,47.019775],[2.391598,47.019595],[2.391972,47.018794],[2.392736,47.017095],[2.393492,47.015302],[2.393355,47.014415],[2.393405,47.014269],[2.393396,47.014127],[2.393482,47.013879],[2.393811,47.013193],[2.394133,47.012884],[2.394382,47.012501],[2.394641,47.012166],[2.394777,47.012028],[2.395045,47.011825],[2.395354,47.011261],[2.395474,47.011149],[2.39562,47.010919],[2.395852,47.010666],[2.396009,47.010377],[2.396067,47.010163],[2.39608,47.009634],[2.396038,47.009441],[2.395977,47.009387],[2.395588,47.009297],[2.395507,47.009239],[2.395563,47.009059],[2.39644,47.007619],[2.39637,47.007079],[2.396255,47.005351],[2.396289,47.004992],[2.396569,47.003226],[2.396357,46.999626],[2.394719,46.999471],[2.39382,46.999371],[2.392649,46.999347],[2.391684,46.999309],[2.39089,46.999246],[2.388991,46.998762],[2.388909,46.998727],[2.388057,46.99851],[2.386973,46.998247],[2.384923,46.997543],[2.381872,46.996864],[2.379892,46.996579],[2.375845,46.996189],[2.37499,46.996771],[2.37491,46.997617],[2.373738,46.998847],[2.371673,46.997386],[2.371263,46.997114],[2.369075,46.99611],[2.363389,46.993882],[2.360095,46.992382],[2.358119,46.992153],[2.35733,46.991943],[2.35697,46.991864],[2.356098,46.991698],[2.35503,46.991516],[2.354671,46.991234],[2.353938,46.991369],[2.354177,46.99234],[2.350315,46.99296],[2.348961,46.993104],[2.349062,46.993376],[2.346488,46.993313],[2.345765,46.993342],[2.34572,46.993602],[2.344372,46.993939],[2.342854,46.993662],[2.341517,46.993855],[2.342011,46.997857],[2.338473,46.997635],[2.335695,46.997422],[2.335844,46.997741],[2.335905,46.998016],[2.335847,46.998261],[2.335337,46.999308],[2.33499,47],[2.334649,47.000609],[2.334447,47.000828],[2.333893,47.001333],[2.333521,47.001783],[2.333338,47.002038],[2.333116,47.002521],[2.332939,47.003142]]]}},{"type":"Feature","properties":{"nom":"Vorly","code":"18288","codeDepartement":"18","siren":"211802889","codeEpci":"241800507","codeRegion":"24","codesPostaux":["18340"],"population":247},"geometry":{"type":"Polygon","coordinates":[[[2.471878,46.912681],[2.47096,46.912997],[2.468928,46.914079],[2.468601,46.914079],[2.465642,46.912689],[2.464526,46.91224],[2.463606,46.911881],[2.463081,46.911702],[2.462687,46.912017],[2.462426,46.912377],[2.461639,46.913053],[2.460198,46.914404],[2.460001,46.914404],[2.453892,46.912341],[2.45166,46.912208],[2.449493,46.91221],[2.449429,46.91257],[2.449891,46.914054],[2.44976,46.914145],[2.447924,46.914641],[2.447166,46.914804],[2.447357,46.915136],[2.448229,46.916606],[2.448635,46.917246],[2.449114,46.917863],[2.450448,46.919543],[2.451327,46.920683],[2.452495,46.922162],[2.451551,46.922239],[2.447801,46.922442],[2.448336,46.923412],[2.44844,46.924589],[2.446473,46.929996],[2.447038,46.930233],[2.44436,46.93781],[2.444291,46.937971],[2.445078,46.938251],[2.446689,46.938833],[2.449291,46.939755],[2.450473,46.940179],[2.450429,46.940253],[2.450402,46.940866],[2.450383,46.940913],[2.449255,46.94278],[2.448745,46.943643],[2.4491,46.943653],[2.452634,46.943776],[2.45232,46.945439],[2.451965,46.947217],[2.451967,46.947286],[2.453759,46.946953],[2.45452,46.946803],[2.454475,46.94732],[2.454373,46.948097],[2.454255,46.948731],[2.454083,46.949493],[2.453772,46.95096],[2.453604,46.951791],[2.453427,46.952578],[2.45337,46.953154],[2.453312,46.953386],[2.453365,46.953534],[2.453305,46.953854],[2.453299,46.954046],[2.453375,46.954291],[2.453725,46.954799],[2.453816,46.955037],[2.453768,46.955278],[2.453507,46.955586],[2.453666,46.955822],[2.453889,46.955947],[2.454329,46.955989],[2.455052,46.95608],[2.455887,46.956122],[2.456026,46.957185],[2.458142,46.958528],[2.459872,46.959439],[2.461468,46.960288],[2.463152,46.961174],[2.465114,46.962242],[2.466716,46.963149],[2.468004,46.963664],[2.469098,46.964232],[2.472012,46.965849],[2.473526,46.966972],[2.474317,46.967825],[2.474713,46.968635],[2.474979,46.969804],[2.47498,46.970164],[2.475309,46.970119],[2.480035,46.968493],[2.480119,46.968485],[2.480574,46.969054],[2.481059,46.969714],[2.481484,46.969616],[2.482863,46.96912],[2.485151,46.964798],[2.485451,46.964252],[2.485212,46.963881],[2.485297,46.963123],[2.485444,46.962646],[2.485729,46.962592],[2.485997,46.961873],[2.486125,46.961199],[2.488088,46.957822],[2.488148,46.957733],[2.487465,46.957362],[2.48804,46.957174],[2.488678,46.957004],[2.48916,46.956855],[2.489342,46.956747],[2.48975,46.956449],[2.48985,46.956333],[2.489902,46.956187],[2.49003,46.95599],[2.49024,46.955761],[2.49058,46.955444],[2.491092,46.955061],[2.491654,46.954676],[2.492477,46.953903],[2.495164,46.951335],[2.498901,46.948812],[2.499162,46.948676],[2.500277,46.947999],[2.502708,46.948041],[2.504657,46.941066],[2.505067,46.940349],[2.505577,46.940382],[2.507077,46.940507],[2.509165,46.933818],[2.502791,46.932523],[2.49676,46.930067],[2.497935,46.928204],[2.49577,46.927293],[2.494525,46.926757],[2.493738,46.926438],[2.491562,46.925519],[2.489845,46.924798],[2.489167,46.924499],[2.488453,46.924198],[2.486612,46.923406],[2.486361,46.923284],[2.485897,46.92356],[2.484196,46.924945],[2.483948,46.925163],[2.483834,46.925323],[2.483745,46.925567],[2.483699,46.926043],[2.483477,46.925941],[2.48171,46.924961],[2.480645,46.924384],[2.479722,46.923897],[2.479381,46.923694],[2.478314,46.923134],[2.479321,46.922388],[2.480762,46.920947],[2.480762,46.920857],[2.47879,46.91987],[2.478986,46.91942],[2.478327,46.918656],[2.477931,46.917531],[2.477927,46.916228],[2.478056,46.915283],[2.477988,46.914698],[2.477071,46.914879],[2.476675,46.914835],[2.472076,46.912726],[2.471878,46.912681]]]}}]}